OTU	Dry_F_1	Dry_N_1	Wet_F_1	Wet_N_1	Dry_F_2	Dry_N_2	Wet_F_2	Wet_N_2	Dry_F_3	Dry_N_3	Wet_F_3	Wet_N_3	Dry_F_4	Dry_N_4	Wet_F_4	Wet_N_4	Dry_F_5	Dry_N_5	Wet_F_5	Wet_N_5
ASV_1	41	139	0	0	60	41	2	2	53	80	1	7	53	18	0	13	66	48	0	0
ASV_2	25	130	3	6	6	34	6	1	29	27	17	8	59	49	3	0	13	12	15	17
ASV_3	93	94	0	0	28	40	0	0	17	13	0	1	48	44	0	0	29	20	6	4
ASV_4	0	0	0	8	0	0	113	125	0	2	23	15	0	0	21	0	0	0	0	0
ASV_5	0	0	5	55	0	0	1	24	0	0	34	6	0	0	37	0	0	0	61	7
ASV_6	15	12	0	0	25	44	0	0	1	6	8	0	7	0	0	0	78	31	0	0
ASV_7	0	0	34	50	0	0	9	29	0	0	39	30	0	0	35	0	0	0	0	0
ASV_8	0	0	17	24	0	0	8	37	0	0	120	13	0	0	5	0	0	0	1	0
ASV_9	0	0	20	64	0	0	9	48	0	0	34	4	0	0	37	0	0	0	0	0
ASV_10	1	9	30	8	5	12	11	18	2	6	22	17	3	2	15	27	3	8	8	7
ASV_11	0	0	28	90	0	0	2	25	0	0	23	0	0	0	9	0	0	0	0	1
ASV_12	0	0	67	14	0	0	0	0	1	0	5	0	33	13	0	0	5	10	11	0
ASV_13	11	54	0	0	4	2	7	2	4	11	2	1	14	7	0	0	3	4	0	8
ASV_14	11	19	3	0	10	22	1	0	10	13	1	0	7	13	2	2	4	13	1	0
ASV_15	2	0	4	5	0	0	5	10	0	7	13	0	7	13	20	10	0	0	22	3
ASV_16	20	32	0	0	2	0	0	1	4	5	0	0	22	12	6	0	3	4	0	0
ASV_17	1	0	0	106	0	0	0	0	0	0	0	2	0	0	0	0	0	0	0	1
ASV_18	1	0	0	0	0	44	0	0	9	1	0	0	11	37	0	0	0	1	0	4
ASV_19	17	2	0	0	1	2	0	0	0	1	0	0	1	16	0	1	5	2	1	55
ASV_20	0	0	10	24	0	0	3	24	0	0	7	1	0	0	19	0	0	0	0	0
ASV_21	0	0	23	0	0	0	5	11	0	0	40	0	0	0	2	0	0	0	5	0
ASV_22	0	0	0	0	0	0	0	0	0	0	0	0	0	0	0	0	0	0	85	1
ASV_23	0	1	3	0	6	6	4	5	1	5	3	17	4	0	6	0	2	1	4	17
ASV_24	0	0	19	3	1	0	8	6	0	0	40	0	0	0	5	0	0	0	1	0
ASV_25	1	0	0	0	0	0	0	0	0	0	0	0	78	0	0	0	0	0	0	0
ASV_26	5	5	1	0	0	0	3	0	0	0	0	0	2	3	0	0	51	6	0	2
ASV_27	0	0	0	0	0	21	0	0	5	23	0	0	10	13	0	0	0	0	0	0
ASV_28	4	4	0	0	10	0	0	3	23	20	0	0	1	0	0	0	6	0	0	0
ASV_29	0	0	1	0	0	0	2	56	0	0	0	0	0	0	2	0	1	0	7	2
ASV_30	4	0	5	0	0	0	3	5	5	24	0	0	22	0	0	0	0	1	0	0
ASV_31	1	0	0	0	2	29	0	1	12	1	0	0	11	3	0	0	4	0	2	1
ASV_32	63	0	0	0	0	1	0	0	3	0	0	0	0	0	0	0	0	0	0	0
ASV_33	0	0	9	1	0	0	0	0	0	0	6	21	0	0	0	28	1	0	0	1
ASV_34	16	4	0	0	2	3	1	0	0	1	1	0	11	1	1	0	19	3	0	3
ASV_35	0	0	0	8	0	0	9	0	0	0	0	0	0	0	0	0	0	0	25	21
ASV_36	0	1	0	0	2	12	0	0	8	2	0	0	5	28	0	0	0	2	0	0
ASV_37	0	1	0	4	0	7	0	0	0	0	0	0	43	0	5	0	0	0	0	0
ASV_38	5	16	3	2	4	1	2	1	0	0	6	6	1	0	4	3	4	0	0	1
ASV_39	1	10	0	0	2	13	0	0	2	23	0	0	6	1	0	0	0	0	0	0
ASV_40	0	0	0	0	0	0	58	0	0	0	0	0	0	0	0	0	0	0	0	0
ASV_41	0	0	0	0	0	0	3	17	1	0	18	1	0	7	0	0	6	0	4	0
ASV_42	15	11	0	0	8	5	0	0	0	0	0	0	8	8	0	0	0	1	0	0
ASV_43	0	1	0	0	0	0	1	4	19	8	1	1	0	0	9	0	2	0	5	4
ASV_44	0	0	25	1	0	0	4	1	0	0	2	9	0	0	11	0	0	0	1	0
ASV_45	0	3	2	0	1	19	0	0	7	9	0	0	3	1	5	0	1	0	0	0
ASV_46	0	0	0	0	0	0	0	43	0	0	1	0	0	0	0	0	2	0	4	0
ASV_47	1	3	0	0	1	6	0	0	12	16	0	0	6	3	0	0	0	1	0	0
ASV_48	0	0	4	2	2	0	4	1	0	0	12	6	0	0	3	10	0	0	4	0
ASV_49	0	0	14	0	0	1	0	0	0	0	4	14	4	0	0	0	0	0	5	6
ASV_50	1	5	1	1	0	15	0	0	0	1	11	1	0	0	0	0	0	0	1	10
ASV_51	12	9	0	0	9	4	0	0	0	4	0	0	2	4	0	1	0	0	0	1
ASV_52	0	5	0	0	0	0	0	0	16	21	1	0	0	0	3	0	0	0	0	0
ASV_53	0	0	0	0	0	0	0	0	0	0	0	0	0	0	0	0	0	35	0	11
ASV_54	1	1	0	0	5	3	0	0	9	1	0	0	6	6	0	0	4	2	0	7
ASV_55	19	3	0	0	3	5	0	0	0	5	0	0	6	1	0	0	2	1	0	0
ASV_56	0	0	0	0	0	0	0	0	0	0	0	0	45	0	0	0	0	0	0	0
ASV_57	1	1	0	0	0	1	1	0	8	4	5	0	9	4	4	0	3	0	1	0
ASV_58	12	9	0	0	0	0	14	7	0	0	0	0	0	0	0	0	0	0	0	0
ASV_59	1	2	0	0	0	3	0	0	12	10	0	0	9	5	0	0	0	0	0	0
ASV_60	0	1	0	2	0	0	16	3	0	0	5	5	1	0	0	6	0	0	1	2
ASV_61	0	0	0	0	0	0	0	0	0	0	0	0	0	0	0	0	11	0	0	31
ASV_62	0	4	0	0	3	8	0	0	7	2	0	0	0	0	0	10	7	0	0	0
ASV_63	1	3	0	0	1	6	0	0	6	4	3	0	6	1	0	0	1	3	3	2
ASV_64	11	0	0	3	0	0	9	1	0	0	6	10	0	0	0	0	0	0	0	0
ASV_65	1	0	0	37	0	0	0	1	0	0	0	1	0	0	0	0	0	0	0	0
ASV_66	1	0	0	0	0	8	0	0	4	4	0	0	20	0	0	0	3	0	0	0
ASV_67	0	0	28	0	0	0	0	5	0	0	0	6	0	0	0	0	0	0	1	0
ASV_68	16	1	0	1	1	0	0	0	0	0	0	5	8	2	2	1	1	0	0	0
ASV_69	2	21	0	0	0	0	1	0	1	6	0	1	2	1	0	0	0	1	0	2
ASV_70	3	0	0	0	2	7	0	0	7	3	0	0	6	9	0	0	0	0	0	1
ASV_71	1	0	0	0	7	13	0	0	1	1	0	0	9	3	0	0	0	2	0	0
ASV_72	2	5	1	1	0	9	0	0	0	0	10	0	0	0	0	1	0	0	0	8
ASV_73	3	1	3	0	2	0	3	1	0	0	7	3	0	0	7	3	2	0	0	2
ASV_74	0	0	0	0	1	16	0	0	0	0	0	0	0	0	0	1	3	0	10	6
ASV_75	6	0	0	1	0	0	2	0	0	0	9	0	0	0	7	0	0	2	2	7
ASV_76	0	5	0	0	15	0	0	0	8	3	0	0	0	2	0	0	0	3	0	0
ASV_77	0	0	3	9	0	0	0	13	0	0	2	0	0	0	9	0	0	0	0	0
ASV_78	2	3	0	0	2	3	0	0	0	5	0	0	2	1	0	0	2	7	3	5
ASV_79	0	0	0	1	0	0	0	0	0	0	0	0	1	0	0	21	5	3	0	0
ASV_80	0	0	0	5	0	0	3	4	0	0	7	0	0	0	1	0	0	0	8	3
ASV_81	0	5	0	1	0	6	1	0	0	0	0	9	0	0	3	0	0	4	1	0
ASV_82	0	0	1	9	0	0	0	0	0	0	0	0	0	0	0	0	1	8	11	0
ASV_83	0	0	0	3	0	0	4	0	0	0	15	0	0	0	1	0	0	0	4	3
ASV_84	0	1	2	0	0	0	0	0	1	1	0	3	0	0	2	11	1	3	2	2
ASV_85	0	15	0	2	0	1	2	2	0	3	2	0	0	0	0	0	0	0	2	0
ASV_86	7	0	0	0	0	0	1	0	0	0	0	0	0	0	0	0	0	5	0	15
ASV_87	0	3	0	0	4	5	0	0	5	5	0	0	0	0	0	1	2	3	0	0
ASV_88	0	0	3	0	0	0	0	2	0	0	0	4	0	0	17	2	0	0	0	0
ASV_89	0	0	0	0	0	0	0	0	7	3	0	0	5	2	0	0	2	9	0	0
ASV_90	0	0	0	0	0	0	0	0	0	0	0	0	2	1	0	0	0	25	0	0
ASV_91	0	0	5	1	0	0	1	3	0	0	16	1	0	0	0	0	0	0	0	0
ASV_92	0	0	0	0	14	1	0	0	6	3	0	0	3	0	0	0	0	0	0	0
ASV_93	0	0	0	0	0	9	0	0	1	6	0	0	9	2	0	0	0	0	0	0
ASV_94	6	4	0	0	0	2	0	0	0	0	3	0	0	0	1	1	0	0	1	8
ASV_95	4	9	0	0	4	8	0	0	0	0	0	0	0	1	0	0	0	0	0	0
ASV_96	0	1	0	0	1	0	1	0	0	0	2	0	1	1	2	1	0	2	9	5
ASV_97	0	0	0	0	0	11	0	4	0	6	0	0	2	0	0	0	0	0	0	3
ASV_98	12	0	0	0	0	1	0	0	0	0	0	4	3	0	1	0	0	3	1	0
ASV_99	0	0	1	1	0	0	4	0	0	0	16	1	0	0	1	0	0	0	1	0
ASV_100	0	0	0	0	0	0	0	0	0	0	19	2	0	0	4	0	0	0	0	0
ASV_101	0	0	0	0	0	0	0	0	0	0	0	0	25	0	0	0	0	0	0	0
ASV_102	0	0	24	0	0	0	0	0	0	0	0	0	0	0	0	0	0	0	0	0
ASV_103	0	0	0	0	0	4	0	0	0	0	0	0	19	0	0	0	1	0	0	0
ASV_104	2	1	0	0	1	9	0	0	0	4	0	0	0	0	4	0	0	1	0	1
ASV_105	5	6	0	0	2	1	0	0	2	1	0	0	3	2	0	0	1	0	0	0
ASV_106	4	0	2	3	0	0	1	0	0	0	8	2	0	0	2	0	1	0	0	0
ASV_107	0	0	0	0	0	0	0	0	0	2	0	0	9	12	0	0	0	0	0	0
ASV_108	2	5	3	1	0	0	0	1	0	0	2	3	0	0	4	0	0	0	1	0
ASV_109	0	0	0	0	1	1	5	1	1	1	0	3	2	0	4	0	2	1	0	0
ASV_110	0	0	0	0	0	0	0	1	0	0	0	0	1	0	1	17	0	0	1	1
ASV_111	0	0	0	0	0	0	0	0	0	0	1	20	0	0	1	0	0	0	0	0
ASV_112	0	0	0	0	0	0	0	0	0	0	0	0	5	0	0	0	16	1	0	0
ASV_113	11	3	0	0	0	5	0	0	0	0	1	0	0	0	0	0	0	0	0	1
ASV_114	1	7	1	0	0	0	0	2	0	0	0	0	0	10	0	0	0	0	0	0
ASV_115	3	6	0	0	0	0	0	3	1	0	0	0	0	5	0	0	0	0	0	3
ASV_116	0	1	0	2	0	0	2	3	0	0	0	0	0	7	0	0	2	4	0	0
ASV_117	0	0	0	0	0	0	7	0	0	0	0	0	0	0	0	0	7	0	7	0
ASV_118	1	3	0	2	1	4	0	1	0	0	0	0	1	0	3	0	1	0	2	1
ASV_119	0	5	0	7	0	0	0	0	0	0	0	0	0	0	0	0	0	4	3	1
ASV_120	0	8	0	0	0	5	0	0	0	3	0	0	0	2	0	0	1	1	0	0
ASV_121	0	0	2	0	0	0	6	2	0	0	3	2	0	0	0	4	0	0	0	1
ASV_122	0	0	1	0	0	0	1	1	0	0	10	1	0	0	4	2	0	0	0	0
ASV_123	0	0	0	0	0	0	0	0	0	0	0	0	19	1	0	0	0	0	0	0
ASV_124	0	5	0	0	0	0	3	1	0	0	2	0	0	0	4	0	0	2	2	0
ASV_125	0	0	7	0	0	0	1	0	0	0	5	4	0	0	0	2	0	0	0	0
ASV_126	0	0	0	1	0	0	0	1	0	0	3	6	0	0	3	5	0	0	0	0
ASV_127	0	0	0	0	0	0	0	5	0	0	0	0	0	0	0	0	0	0	14	0
ASV_128	1	2	0	0	0	3	2	0	0	4	0	0	0	0	0	0	1	5	0	0
ASV_129	0	3	0	0	0	1	0	0	14	0	0	0	0	0	0	0	0	0	0	0
ASV_130	0	8	1	0	0	0	3	0	0	0	0	0	2	0	0	0	1	2	0	1
ASV_131	0	2	0	0	1	0	0	1	0	1	2	0	0	0	0	3	0	0	3	5
ASV_132	0	2	0	0	0	0	0	0	0	0	3	0	1	10	0	0	1	1	0	0
ASV_133	0	0	11	0	0	0	0	2	0	0	1	3	0	0	0	1	0	0	0	0
ASV_134	0	0	7	1	1	0	0	2	0	1	3	0	0	0	2	0	0	0	0	1
ASV_135	0	0	0	0	5	0	0	0	7	0	0	0	0	0	0	0	2	4	0	0
ASV_136	1	2	4	1	0	2	0	2	0	0	0	0	0	0	3	1	0	0	0	1
ASV_137	7	8	0	0	0	0	0	0	0	0	0	0	0	2	0	0	0	0	0	0
ASV_138	0	13	0	0	0	0	0	3	0	0	0	0	0	0	0	0	0	1	0	0
ASV_139	0	16	0	0	0	0	0	1	0	0	0	0	0	0	0	0	0	0	0	0
ASV_140	0	0	0	0	4	4	0	0	3	4	0	0	1	0	0	0	1	0	0	0
ASV_141	0	0	0	0	0	5	0	0	5	3	0	0	0	2	0	0	0	2	0	0
ASV_142	0	0	0	0	0	15	0	0	0	0	0	0	0	2	0	0	0	0	0	0
ASV_143	3	0	3	6	0	0	0	1	0	0	0	0	0	0	2	0	0	0	1	0
ASV_144	1	4	0	0	1	0	0	0	4	0	0	0	3	0	0	0	0	1	0	2
ASV_145	1	1	0	0	0	4	0	0	0	0	0	0	0	4	1	0	0	0	0	5
ASV_146	1	0	1	1	0	0	0	2	0	0	0	0	0	0	9	0	0	0	1	1
ASV_147	2	0	0	3	0	0	0	0	0	2	0	0	1	0	1	0	0	0	2	5
ASV_148	2	2	0	0	2	2	0	0	2	0	0	3	0	0	0	1	0	0	0	2
ASV_149	0	3	0	0	1	0	0	0	6	0	1	0	1	3	0	0	0	0	0	1
ASV_150	0	0	1	0	10	0	0	0	0	0	0	0	0	0	0	0	1	0	4	0
ASV_151	0	0	1	0	0	4	0	0	0	0	1	0	10	0	0	0	0	0	0	0
ASV_152	0	0	0	3	0	0	4	2	0	0	6	0	0	0	1	0	0	0	0	0
ASV_153	0	0	0	0	1	11	0	0	0	4	0	0	0	0	0	0	0	0	0	0
ASV_154	0	0	0	0	0	0	0	0	0	0	0	0	16	0	0	0	0	0	0	0
ASV_155	4	3	0	1	1	0	0	0	0	0	1	0	0	0	2	0	0	0	0	3
ASV_156	1	4	0	0	3	0	0	0	0	0	0	0	2	2	0	0	2	1	0	0
ASV_157	4	2	0	0	1	5	0	0	0	0	0	0	1	2	0	0	0	0	0	0
ASV_158	2	2	0	0	1	0	0	0	2	1	0	1	3	0	0	0	1	1	0	1
ASV_159	5	1	0	3	0	0	0	0	0	0	1	0	0	0	0	0	0	0	4	1
ASV_160	2	0	0	0	0	0	0	0	0	1	1	0	0	0	5	0	0	0	3	3
ASV_161	0	4	0	0	0	0	0	0	0	0	0	0	1	4	0	0	1	5	0	0
ASV_162	0	0	1	8	0	0	4	2	0	0	0	0	0	0	0	0	0	0	0	0
ASV_163	0	0	0	0	0	9	0	0	1	2	0	0	2	1	0	0	0	0	0	0
ASV_164	0	0	0	0	0	5	0	0	0	8	0	0	1	1	0	0	0	0	0	0
ASV_165	0	0	0	0	0	1	0	0	4	1	0	0	0	3	1	5	0	0	0	0
ASV_166	0	0	0	0	0	0	3	0	0	0	1	0	8	0	0	0	1	0	2	0
ASV_167	0	0	0	0	0	0	0	1	0	0	0	0	0	3	0	0	0	0	0	11
ASV_168	0	0	0	0	0	0	0	0	0	0	14	0	0	0	1	0	0	0	0	0
ASV_169	0	0	0	0	0	0	0	0	0	0	7	0	0	0	8	0	0	0	0	0
ASV_170	0	0	0	0	0	0	0	0	0	0	0	0	12	3	0	0	0	0	0	0
ASV_171	0	0	0	0	0	0	0	0	0	0	0	0	0	0	4	0	0	0	11	0
ASV_172	0	0	0	0	0	0	0	0	0	0	0	0	0	0	0	0	15	0	0	0
ASV_173	1	0	0	0	1	2	0	0	1	6	0	0	1	2	0	0	0	0	0	0
ASV_174	0	12	0	0	0	0	0	0	0	0	0	0	0	2	0	0	0	0	0	0
ASV_175	0	0	1	0	0	0	0	0	0	0	0	6	0	0	0	7	0	0	0	0
ASV_176	0	0	10	0	0	0	0	0	0	1	0	0	0	2	0	0	1	0	0	0
ASV_177	0	0	0	4	0	0	5	0	0	0	0	0	0	0	0	0	0	0	0	5
ASV_178	0	0	0	0	4	4	0	0	0	0	0	0	0	2	0	0	0	2	0	2
ASV_179	0	0	0	0	0	1	0	0	5	0	3	0	2	0	2	0	0	1	0	0
ASV_180	0	0	0	0	0	2	0	3	0	0	0	5	1	0	0	0	1	0	0	2
ASV_181	0	0	0	0	0	0	2	0	0	0	2	0	1	2	0	0	0	2	5	0
ASV_182	0	0	0	0	0	0	0	0	0	0	0	0	0	1	0	0	1	0	8	4
ASV_183	1	3	0	0	4	1	0	0	0	1	0	0	2	0	0	0	0	0	0	1
ASV_184	2	0	0	0	0	0	0	0	0	0	0	4	0	0	6	0	0	0	0	1
ASV_185	1	0	0	0	0	0	0	0	0	0	0	0	1	0	0	0	10	0	0	1
ASV_186	12	0	0	0	0	0	0	0	0	0	1	0	0	0	0	0	0	0	0	0
ASV_187	2	0	0	0	1	6	0	0	0	0	0	0	1	1	0	0	0	1	1	0
ASV_188	0	1	0	0	0	0	0	0	0	0	0	0	12	0	0	0	0	0	0	0
ASV_189	0	13	0	0	0	0	0	0	0	0	0	0	0	0	0	0	0	0	0	0
ASV_190	0	4	3	0	0	0	0	0	0	0	2	0	0	0	1	3	0	0	0	0
ASV_191	0	1	1	0	1	0	0	1	0	1	1	1	0	0	2	2	0	0	1	1
ASV_192	0	0	6	0	1	0	1	0	0	0	4	0	0	0	1	0	0	0	0	0
ASV_193	0	0	0	13	0	0	0	0	0	0	0	0	0	0	0	0	0	0	0	0
ASV_194	0	0	0	0	0	0	1	0	0	0	8	0	0	0	4	0	0	0	0	0
ASV_195	0	0	0	0	0	0	0	0	6	1	0	0	3	3	0	0	0	0	0	0
ASV_196	0	0	0	0	0	0	0	0	13	0	0	0	0	0	0	0	0	0	0	0
ASV_197	4	8	0	0	0	0	0	0	0	0	0	0	0	0	0	0	0	0	0	0
ASV_198	5	1	0	0	0	2	0	0	1	0	0	0	1	1	1	0	0	0	0	0
ASV_199	0	1	0	0	0	0	0	0	0	0	0	0	4	0	0	0	0	7	0	0
ASV_200	0	1	1	0	0	0	1	2	1	0	0	0	0	0	3	0	0	0	1	2
ASV_201	0	1	0	0	0	1	0	0	1	0	2	0	2	0	1	0	1	2	1	0
ASV_202	0	0	1	1	0	0	4	3	0	0	0	1	0	0	2	0	0	0	0	0
ASV_203	0	0	0	2	0	0	4	0	0	0	5	0	0	0	1	0	0	0	0	0
ASV_204	0	0	0	0	0	6	0	0	6	0	0	0	0	0	0	0	0	0	0	0
ASV_205	0	0	0	0	0	3	0	0	0	0	3	0	2	0	0	0	4	0	0	0
ASV_206	0	0	0	0	0	0	0	12	0	0	0	0	0	0	0	0	0	0	0	0
ASV_207	0	0	0	0	0	0	0	0	8	4	0	0	0	0	0	0	0	0	0	0
ASV_208	0	0	0	0	0	0	0	0	2	0	0	0	1	1	0	0	3	2	0	3
ASV_209	4	0	0	0	0	4	0	0	0	1	0	0	1	0	0	0	1	0	0	0
ASV_210	1	2	0	0	0	0	0	0	0	0	0	0	0	0	0	0	5	0	1	2
ASV_211	6	5	0	0	0	0	0	0	0	0	0	0	0	0	0	0	0	0	0	0
ASV_212	1	2	0	0	0	0	0	0	0	0	0	0	3	1	0	0	1	0	1	2
ASV_213	0	3	0	0	0	0	0	0	0	1	0	0	0	2	1	0	1	3	0	0
ASV_214	0	1	0	0	0	0	0	5	0	0	0	0	0	0	0	0	5	0	0	0
ASV_215	0	1	0	0	2	1	0	0	0	4	0	0	0	1	0	0	0	2	0	0
ASV_216	0	0	8	0	0	0	0	0	0	0	3	0	0	0	0	0	0	0	0	0
ASV_217	0	0	11	0	0	0	0	0	0	0	0	0	0	0	0	0	0	0	0	0
ASV_218	0	0	0	1	0	0	3	0	7	0	0	0	0	0	0	0	0	0	0	0
ASV_219	0	0	0	0	0	10	0	0	0	1	0	0	0	0	0	0	0	0	0	0
ASV_220	0	0	0	0	0	0	0	0	7	0	0	0	1	0	0	3	0	0	0	0
ASV_221	0	0	0	0	0	0	0	0	3	0	0	0	3	0	0	0	0	0	0	5
ASV_222	0	0	0	0	0	0	0	0	0	0	6	0	0	0	5	0	0	0	0	0
ASV_223	0	0	0	0	0	0	0	0	0	0	0	0	0	11	0	0	0	0	0	0
ASV_224	0	0	0	0	0	0	0	0	0	0	0	0	0	0	0	11	0	0	0	0
ASV_225	0	0	0	0	0	0	0	0	0	0	0	0	0	0	0	0	0	0	11	0
ASV_226	1	5	0	0	0	1	0	0	0	0	0	0	1	1	0	0	0	0	1	0
ASV_227	2	0	0	0	2	0	1	1	0	0	1	1	0	0	1	0	0	0	0	1
ASV_228	2	0	0	0	3	1	0	0	0	0	0	0	1	0	0	0	0	0	0	3
ASV_229	0	2	2	1	0	2	0	0	0	0	0	1	0	0	1	1	0	0	0	0
ASV_230	0	2	0	0	0	3	0	0	2	1	0	0	1	1	0	0	0	0	0	0
ASV_231	0	1	0	0	2	0	0	0	3	0	0	0	2	2	0	0	0	0	0	0
ASV_232	0	5	0	0	5	0	0	0	0	0	0	0	0	0	0	0	0	0	0	0
ASV_233	0	4	0	0	3	3	0	0	0	0	0	0	0	0	0	0	0	0	0	0
ASV_234	0	10	0	0	0	0	0	0	0	0	0	0	0	0	0	0	0	0	0	0
ASV_235	0	4	0	0	0	1	0	2	0	0	1	1	0	0	0	0	0	0	1	0
ASV_236	0	3	2	0	0	0	0	1	0	0	1	0	0	0	2	0	0	0	0	1
ASV_237	0	10	0	0	0	0	0	0	0	0	0	0	0	0	0	0	0	0	0	0
ASV_238	0	0	1	2	0	0	0	1	0	0	4	1	0	0	1	0	0	0	0	0
ASV_239	0	0	4	0	0	0	0	0	2	0	0	0	0	0	4	0	0	0	0	0
ASV_240	0	0	0	0	0	7	0	0	0	0	0	0	0	0	0	0	0	0	3	0
ASV_241	0	0	0	0	0	0	6	0	0	0	2	2	0	0	0	0	0	0	0	0
ASV_242	0	0	0	0	0	0	10	0	0	0	0	0	0	0	0	0	0	0	0	0
ASV_243	0	0	0	0	0	0	0	0	0	0	10	0	0	0	0	0	0	0	0	0
ASV_244	0	0	0	0	0	0	0	0	0	0	0	0	1	8	0	0	0	1	0	0
ASV_245	0	0	0	0	0	0	0	0	0	0	0	0	1	9	0	0	0	0	0	0
ASV_246	0	0	0	0	0	0	0	0	0	0	0	0	0	0	0	1	0	0	0	9
ASV_247	8	1	0	0	0	0	0	0	0	0	0	0	0	0	0	0	0	0	0	0
ASV_248	4	2	0	0	0	0	0	0	0	0	0	0	1	0	0	0	0	0	0	2
ASV_249	2	0	0	0	0	0	0	0	0	0	4	0	0	0	1	0	0	0	0	2
ASV_250	0	5	0	0	0	0	0	0	0	0	0	0	2	1	0	1	0	0	0	0
ASV_251	0	1	1	1	1	3	0	0	0	0	0	0	0	1	1	0	0	0	0	0
ASV_252	0	2	0	0	0	0	0	0	0	0	0	0	0	3	1	0	0	0	1	2
ASV_253	0	0	1	0	0	0	2	1	0	0	2	2	0	0	0	0	0	0	1	0
ASV_254	0	0	2	2	0	1	0	0	0	1	0	0	0	1	0	0	2	0	0	0
ASV_255	0	0	0	1	0	0	1	0	0	0	7	0	0	0	0	0	0	0	0	0
ASV_256	0	0	0	1	0	0	0	0	1	0	0	0	0	0	1	0	0	0	6	0
ASV_257	0	0	0	0	1	0	0	1	0	4	0	0	0	1	1	0	0	0	1	0
ASV_258	0	0	0	0	2	0	0	0	4	0	0	0	3	0	0	0	0	0	0	0
ASV_259	0	0	0	0	2	3	0	0	0	2	0	0	0	0	0	0	1	1	0	0
ASV_260	0	0	0	0	2	1	0	0	0	0	0	0	1	0	2	0	0	0	3	0
ASV_261	0	0	0	0	0	1	0	0	0	0	1	1	0	0	0	0	0	0	2	4
ASV_262	0	0	0	0	0	9	0	0	0	0	0	0	0	0	0	0	0	0	0	0
ASV_263	0	0	0	0	0	3	0	1	0	1	0	0	4	0	0	0	0	0	0	0
ASV_264	0	0	0	0	0	0	4	0	0	0	0	2	0	0	0	0	2	0	0	1
ASV_265	0	0	0	0	0	0	2	1	0	0	1	0	0	0	1	1	2	0	1	0
ASV_266	0	0	0	0	0	0	0	2	0	0	1	6	0	0	0	0	0	0	0	0
ASV_267	0	0	0	0	0	0	0	4	0	0	3	0	0	0	0	0	0	0	0	2
ASV_268	0	0	0	0	0	0	0	0	1	8	0	0	0	0	0	0	0	0	0	0
ASV_269	0	0	0	0	0	0	0	0	0	0	0	0	9	0	0	0	0	0	0	0
ASV_270	0	0	0	0	0	0	0	0	0	0	0	0	7	0	0	0	1	1	0	0
ASV_271	0	0	0	0	0	0	0	0	0	0	0	0	0	0	0	0	9	0	0	0
ASV_272	0	0	0	0	0	0	0	0	0	0	0	0	0	0	0	0	0	0	2	7
ASV_273	1	2	0	1	0	0	0	0	2	0	0	1	0	0	0	1	0	0	0	0
ASV_274	1	3	0	0	0	1	0	0	0	0	1	1	0	0	0	0	0	1	0	0
ASV_275	1	0	0	0	0	0	0	0	0	0	0	1	1	2	3	0	0	0	0	0
ASV_276	1	1	0	0	0	0	1	1	0	0	1	0	0	0	2	0	0	0	1	0
ASV_277	0	8	0	0	0	0	0	0	0	0	0	0	0	0	0	0	0	0	0	0
ASV_278	0	3	0	0	3	0	0	0	0	0	0	0	0	0	0	0	0	0	0	2
ASV_279	0	2	0	2	0	0	1	0	0	0	2	0	0	0	0	0	0	0	0	1
ASV_280	0	3	0	0	1	1	0	0	0	0	1	0	0	0	1	0	0	1	0	0
ASV_281	0	8	0	0	0	0	0	0	0	0	0	0	0	0	0	0	0	0	0	0
ASV_282	0	7	0	0	0	0	0	0	0	0	0	0	0	0	1	0	0	0	0	0
ASV_283	0	1	0	0	0	5	0	0	0	0	0	0	1	0	0	0	1	0	0	0
ASV_284	0	1	0	0	0	0	0	0	0	0	0	0	0	0	0	0	0	0	0	7
ASV_285	0	2	0	0	0	0	0	1	2	0	0	0	3	0	0	0	0	0	0	0
ASV_286	0	1	0	0	0	0	0	0	0	0	0	0	0	6	0	0	0	1	0	0
ASV_287	0	8	0	0	0	0	0	0	0	0	0	0	0	0	0	0	0	0	0	0
ASV_288	0	0	1	0	2	0	3	0	2	0	0	0	0	0	0	0	0	0	0	0
ASV_289	0	0	6	0	0	0	0	0	0	0	1	0	0	0	1	0	0	0	0	0
ASV_290	0	0	0	1	0	0	1	0	2	1	0	1	0	0	0	0	0	0	0	2
ASV_291	0	0	0	2	0	0	0	2	0	0	1	0	0	0	3	0	0	0	0	0
ASV_292	0	0	0	1	0	0	0	0	0	0	3	0	0	0	4	0	0	0	0	0
ASV_293	0	0	0	0	1	2	0	0	0	1	0	0	1	0	0	0	0	0	1	2
ASV_294	0	0	0	0	1	0	0	0	0	0	0	0	1	0	0	6	0	0	0	0
ASV_295	0	0	0	0	1	0	0	0	1	1	0	0	0	0	0	0	0	2	3	0
ASV_296	0	0	0	0	0	1	2	0	0	0	0	0	0	0	1	1	1	0	2	0
ASV_297	0	0	0	0	0	3	0	0	0	0	0	0	0	0	0	0	0	5	0	0
ASV_298	0	0	0	0	0	7	0	0	1	0	0	0	0	0	0	0	0	0	0	0
ASV_299	0	0	0	0	0	0	1	0	0	0	2	0	2	2	0	0	0	1	0	0
ASV_300	0	0	0	0	0	0	0	0	2	2	0	0	2	0	0	0	0	2	0	0
ASV_301	0	0	0	0	0	0	0	0	0	0	4	2	0	0	2	0	0	0	0	0
ASV_302	0	0	0	0	0	0	0	0	0	0	5	0	0	0	3	0	0	0	0	0
ASV_303	0	0	0	0	0	0	0	0	0	0	0	8	0	0	0	0	0	0	0	0
ASV_304	0	0	0	0	0	0	0	0	0	0	0	1	0	2	0	0	0	0	0	5
ASV_305	0	0	0	0	0	0	0	0	0	0	0	0	8	0	0	0	0	0	0	0
ASV_306	0	0	0	0	0	0	0	0	0	0	0	0	2	0	0	0	1	4	0	1
ASV_307	0	0	0	0	0	0	0	0	0	0	0	0	0	0	6	0	0	0	2	0
ASV_308	0	0	0	0	0	0	0	0	0	0	0	0	0	0	8	0	0	0	0	0
ASV_309	0	0	0	0	0	0	0	0	0	0	0	0	0	0	0	0	0	3	0	5
ASV_310	0	0	0	0	0	0	0	0	0	0	0	0	0	0	0	0	0	0	8	0
ASV_311	2	2	0	0	0	0	0	0	0	1	0	0	0	1	0	0	0	0	1	0
ASV_312	1	0	0	0	0	6	0	0	0	0	0	0	0	0	0	0	0	0	0	0
ASV_313	2	5	0	0	0	0	0	0	0	0	0	0	0	0	0	0	0	0	0	0
ASV_314	6	0	0	0	0	0	0	0	0	0	0	0	0	0	0	0	1	0	0	0
ASV_315	3	0	0	0	1	0	0	0	0	0	1	0	1	1	0	0	0	0	0	0
ASV_316	1	0	0	0	0	1	0	0	0	0	0	0	5	0	0	0	0	0	0	0
ASV_317	2	0	0	0	0	3	0	0	0	0	0	0	1	0	1	0	0	0	0	0
ASV_318	4	0	0	0	1	0	0	0	0	0	0	0	0	0	0	0	1	1	0	0
ASV_319	1	0	1	1	0	0	0	0	0	0	1	1	0	0	2	0	0	0	0	0
ASV_320	1	0	0	0	4	1	0	0	0	1	0	0	0	0	0	0	0	0	0	0
ASV_321	1	3	1	0	0	0	0	0	0	0	0	0	0	0	0	0	0	0	2	0
ASV_322	0	1	0	0	0	0	0	0	0	0	0	0	3	3	0	0	0	0	0	0
ASV_323	0	6	0	0	0	0	0	0	0	0	0	0	1	0	0	0	0	0	0	0
ASV_324	0	2	0	0	0	0	0	0	0	0	0	0	0	0	0	0	0	0	5	0
ASV_325	0	4	0	0	0	0	0	0	1	0	0	1	0	0	0	0	1	0	0	0
ASV_326	0	2	0	0	1	0	0	0	0	0	0	0	3	0	0	0	0	1	0	0
ASV_327	0	2	0	0	0	0	0	0	0	0	0	0	0	0	2	0	3	0	0	0
ASV_328	0	2	0	0	0	1	0	0	0	0	0	0	3	1	0	0	0	0	0	0
ASV_329	0	2	0	0	0	0	0	0	0	1	0	0	0	4	0	0	0	0	0	0
ASV_330	0	1	0	0	0	0	0	0	0	0	0	3	0	0	0	2	0	1	0	0
ASV_331	0	0	4	3	0	0	0	0	0	0	0	0	0	0	0	0	0	0	0	0
ASV_332	0	0	2	0	0	0	0	0	0	0	0	2	0	0	0	3	0	0	0	0
ASV_333	0	0	1	0	0	0	0	0	0	0	0	0	0	0	0	6	0	0	0	0
ASV_334	0	0	2	1	0	0	0	0	0	0	0	0	0	0	4	0	0	0	0	0
ASV_335	0	0	3	0	0	0	0	1	0	1	1	0	0	0	0	0	0	0	1	0
ASV_336	0	0	0	0	2	1	0	0	2	1	0	0	0	1	0	0	0	0	0	0
ASV_337	0	0	0	0	3	0	0	0	0	0	0	0	0	0	0	0	0	4	0	0
ASV_338	0	0	0	0	5	0	0	0	0	0	0	0	0	0	0	0	0	2	0	0
ASV_339	0	0	0	0	0	1	0	0	0	0	0	0	0	0	5	0	0	0	1	0
ASV_340	0	0	0	0	0	1	0	0	0	0	0	0	0	0	0	0	0	6	0	0
ASV_341	0	0	0	0	0	1	0	0	3	2	0	0	1	0	0	0	0	0	0	0
ASV_342	0	0	0	0	0	2	0	0	0	1	0	0	0	3	0	0	0	0	0	1
ASV_343	0	0	0	0	0	0	2	1	0	0	4	0	0	0	0	0	0	0	0	0
ASV_344	0	0	0	0	0	0	1	0	0	0	1	0	0	0	0	0	0	0	3	2
ASV_345	0	0	0	0	0	0	0	4	0	0	0	0	0	0	0	0	1	0	1	1
ASV_346	0	0	0	0	0	0	0	0	2	4	0	0	0	0	0	0	1	0	0	0
ASV_347	0	0	0	0	0	0	0	0	0	6	0	0	1	0	0	0	0	0	0	0
ASV_348	0	0	0	0	0	0	0	0	0	5	0	0	0	2	0	0	0	0	0	0
ASV_349	0	0	0	0	0	0	0	0	0	1	0	1	0	0	4	0	0	0	0	1
ASV_350	0	0	0	0	0	0	0	0	0	0	3	4	0	0	0	0	0	0	0	0
ASV_351	0	0	0	0	0	0	0	0	0	0	0	0	7	0	0	0	0	0	0	0
ASV_352	0	0	0	0	0	0	0	0	0	0	0	0	0	0	6	0	0	0	0	1
ASV_353	0	0	0	0	0	0	0	0	0	0	0	0	0	0	7	0	0	0	0	0
ASV_354	0	0	0	0	0	0	0	0	0	0	0	0	0	0	7	0	0	0	0	0
ASV_355	0	0	0	0	0	0	0	0	0	0	0	0	0	0	7	0	0	0	0	0
ASV_356	0	0	0	0	0	0	0	0	0	0	0	0	0	0	0	7	0	0	0	0
ASV_357	0	0	0	0	0	0	0	0	0	0	0	0	0	0	0	0	0	0	0	7
ASV_358	1	1	0	0	0	1	0	0	0	0	1	0	2	0	0	0	0	0	0	0
ASV_359	2	4	0	0	0	0	0	0	0	0	0	0	0	0	0	0	0	0	0	0
ASV_360	3	0	0	0	0	0	0	0	0	0	0	0	0	0	0	3	0	0	0	0
ASV_361	1	1	0	0	0	1	0	0	0	1	0	0	1	1	0	0	0	0	0	0
ASV_362	5	0	0	0	0	0	0	0	0	0	0	0	0	1	0	0	0	0	0	0
ASV_363	1	0	0	0	0	0	1	0	0	0	1	0	0	1	0	0	0	0	0	2
ASV_364	0	2	0	1	0	0	0	0	0	0	0	0	0	0	1	2	0	0	0	0
ASV_365	0	2	0	0	0	3	0	0	0	0	0	0	0	0	0	0	0	0	0	1
ASV_366	0	2	0	0	0	0	2	0	0	0	0	0	0	0	0	0	0	2	0	0
ASV_367	0	6	0	0	0	0	0	0	0	0	0	0	0	0	0	0	0	0	0	0
ASV_368	0	5	0	0	0	0	0	0	0	0	0	0	0	0	1	0	0	0	0	0
ASV_369	0	1	0	0	0	0	0	0	0	1	0	0	0	0	1	0	0	0	0	3
ASV_370	0	1	0	0	0	1	0	0	3	0	0	0	1	0	0	0	0	0	0	0
ASV_371	0	1	2	0	0	0	0	0	0	0	0	1	0	0	2	0	0	0	0	0
ASV_372	0	2	0	0	0	0	0	0	0	1	0	1	0	0	0	2	0	0	0	0
ASV_373	0	1	0	0	0	0	0	1	0	0	1	0	0	0	3	0	0	0	0	0
ASV_374	0	0	6	0	0	0	0	0	0	0	0	0	0	0	0	0	0	0	0	0
ASV_375	0	0	1	0	0	0	0	1	0	0	0	0	0	0	0	0	0	0	0	4
ASV_376	0	0	1	3	0	0	0	0	0	0	0	0	0	0	0	0	0	0	2	0
ASV_377	0	0	4	0	0	0	2	0	0	0	0	0	0	0	0	0	0	0	0	0
ASV_378	0	0	2	0	0	0	0	0	0	0	3	1	0	0	0	0	0	0	0	0
ASV_379	0	0	3	0	0	0	0	2	0	0	0	0	0	0	0	0	0	0	1	0
ASV_380	0	0	1	0	0	0	0	0	0	0	0	4	0	0	0	1	0	0	0	0
ASV_381	0	0	1	0	0	0	0	0	0	0	5	0	0	0	0	0	0	0	0	0
ASV_382	0	0	1	0	0	0	0	0	1	0	2	0	0	0	0	1	0	0	0	1
ASV_383	0	0	3	0	0	0	0	1	0	0	0	0	0	0	2	0	0	0	0	0
ASV_384	0	0	6	0	0	0	0	0	0	0	0	0	0	0	0	0	0	0	0	0
ASV_385	0	0	1	1	0	0	1	0	0	0	1	1	0	0	1	0	0	0	0	0
ASV_386	0	0	0	1	0	0	0	1	0	0	0	0	0	0	3	1	0	0	0	0
ASV_387	0	0	0	2	0	0	2	0	0	0	2	0	0	0	0	0	0	0	0	0
ASV_388	0	0	0	0	2	2	0	0	0	0	0	0	0	1	0	1	0	0	0	0
ASV_389	0	0	0	0	1	0	0	0	0	0	0	0	0	0	0	0	2	3	0	0
ASV_390	0	0	0	0	2	0	0	0	0	0	0	0	3	1	0	0	0	0	0	0
ASV_391	0	0	0	0	2	0	0	0	0	0	0	0	0	0	4	0	0	0	0	0
ASV_392	0	0	0	0	0	1	0	0	0	1	0	1	2	0	0	0	0	0	0	1
ASV_393	0	0	0	0	0	1	0	0	0	1	0	1	1	0	0	0	0	0	0	2
ASV_394	0	0	0	0	0	1	0	0	0	0	0	0	1	1	0	0	1	2	0	0
ASV_395	0	0	0	0	0	4	0	0	0	2	0	0	0	0	0	0	0	0	0	0
ASV_396	0	0	0	0	0	1	0	0	1	1	0	0	3	0	0	0	0	0	0	0
ASV_397	0	0	0	0	0	1	0	3	0	0	1	0	0	0	0	0	0	0	0	1
ASV_398	0	0	0	0	0	0	1	0	0	0	1	0	1	0	0	1	1	0	0	1
ASV_399	0	0	0	0	0	0	1	0	0	0	0	5	0	0	0	0	0	0	0	0
ASV_400	0	0	0	0	0	0	6	0	0	0	0	0	0	0	0	0	0	0	0	0
ASV_401	0	0	0	0	0	0	1	0	0	0	0	0	4	0	1	0	0	0	0	0
ASV_402	0	0	0	0	0	0	1	0	0	0	0	0	0	0	0	0	5	0	0	0
ASV_403	0	0	0	0	0	0	0	2	0	0	4	0	0	0	0	0	0	0	0	0
ASV_404	0	0	0	0	0	0	0	1	0	0	0	2	0	0	3	0	0	0	0	0
ASV_405	0	0	0	0	0	0	0	3	0	0	0	3	0	0	0	0	0	0	0	0
ASV_406	0	0	0	0	0	0	0	0	1	0	0	0	2	3	0	0	0	0	0	0
ASV_407	0	0	0	0	0	0	0	0	1	4	0	0	1	0	0	0	0	0	0	0
ASV_408	0	0	0	0	0	0	0	0	1	0	0	0	0	3	0	0	0	2	0	0
ASV_409	0	0	0	0	0	0	0	0	0	0	6	0	0	0	0	0	0	0	0	0
ASV_410	0	0	0	0	0	0	0	0	0	0	2	0	0	0	0	0	2	1	1	0
ASV_411	0	0	0	0	0	0	0	0	0	0	0	3	0	0	0	0	0	0	0	3
ASV_412	0	0	0	0	0	0	0	0	0	0	0	6	0	0	0	0	0	0	0	0
ASV_413	0	0	0	0	0	0	0	0	0	0	0	0	2	1	0	1	0	0	0	2
ASV_414	0	0	0	0	0	0	0	0	0	0	0	0	6	0	0	0	0	0	0	0
ASV_415	0	0	0	0	0	0	0	0	0	0	0	0	0	0	6	0	0	0	0	0
ASV_416	5	0	0	0	0	0	0	0	0	0	0	0	0	0	0	0	0	0	0	0
ASV_417	1	1	0	0	0	0	0	0	0	0	2	1	0	0	0	0	0	0	0	0
ASV_418	1	0	0	0	0	0	0	0	0	0	0	0	0	1	0	0	1	0	0	2
ASV_419	1	0	0	1	0	0	1	1	0	0	0	0	0	0	1	0	0	0	0	0
ASV_420	3	0	0	0	0	0	1	0	0	0	0	0	0	0	0	1	0	0	0	0
ASV_421	2	0	0	0	0	1	0	0	0	0	0	0	2	0	0	0	0	0	0	0
ASV_422	5	0	0	0	0	0	0	0	0	0	0	0	0	0	0	0	0	0	0	0
ASV_423	2	2	1	0	0	0	0	0	0	0	0	0	0	0	0	0	0	0	0	0
ASV_424	3	1	0	0	0	0	1	0	0	0	0	0	0	0	0	0	0	0	0	0
ASV_425	1	0	1	0	0	0	0	0	1	0	0	0	1	0	1	0	0	0	0	0
ASV_426	1	0	0	0	0	1	0	0	1	1	0	0	1	0	0	0	0	0	0	0
ASV_427	5	0	0	0	0	0	0	0	0	0	0	0	0	0	0	0	0	0	0	0
ASV_428	0	5	0	0	0	0	0	0	0	0	0	0	0	0	0	0	0	0	0	0
ASV_429	0	2	0	0	0	0	0	0	0	0	1	0	1	0	0	0	1	0	0	0
ASV_430	0	0	5	0	0	0	0	0	0	0	0	0	0	0	0	0	0	0	0	0
ASV_431	0	0	2	0	1	0	0	0	0	0	0	1	0	0	0	0	0	0	0	1
ASV_432	0	0	1	3	0	0	0	0	0	0	0	1	0	0	0	0	0	0	0	0
ASV_433	0	0	1	0	0	0	0	1	0	0	0	0	0	0	1	0	0	0	2	0
ASV_434	0	0	1	1	0	0	0	2	0	0	0	1	0	0	0	0	0	0	0	0
ASV_435	0	0	2	0	2	0	0	0	0	0	0	0	0	0	0	0	0	0	1	0
ASV_436	0	0	1	0	0	0	0	0	0	0	1	3	0	0	0	0	0	0	0	0
ASV_437	0	0	2	0	0	0	0	0	0	0	0	3	0	0	0	0	0	0	0	0
ASV_438	0	0	0	2	0	0	0	1	0	0	2	0	0	0	0	0	0	0	0	0
ASV_439	0	0	0	2	0	0	0	1	0	0	1	0	0	0	1	0	0	0	0	0
ASV_440	0	0	0	1	0	0	2	1	0	0	1	0	0	0	0	0	0	0	0	0
ASV_441	0	0	0	5	0	0	0	0	0	0	0	0	0	0	0	0	0	0	0	0
ASV_442	0	0	0	1	0	0	0	2	0	0	0	2	0	0	0	0	0	0	0	0
ASV_443	0	0	0	2	0	0	0	0	0	0	3	0	0	0	0	0	0	0	0	0
ASV_444	0	0	0	1	1	0	0	0	0	0	1	0	0	1	1	0	0	0	0	0
ASV_445	0	0	0	2	0	0	1	1	0	0	1	0	0	0	0	0	0	0	0	0
ASV_446	0	0	0	1	0	0	0	0	0	0	3	0	0	0	1	0	0	0	0	0
ASV_447	0	0	0	4	0	0	0	0	0	0	0	0	0	0	1	0	0	0	0	0
ASV_448	0	0	0	0	1	1	0	0	0	0	0	0	1	1	0	0	0	1	0	0
ASV_449	0	0	0	0	4	0	0	0	0	0	0	0	1	0	0	0	0	0	0	0
ASV_450	0	0	0	0	4	0	0	1	0	0	0	0	0	0	0	0	0	0	0	0
ASV_451	0	0	0	0	1	1	0	0	0	1	0	0	0	0	0	0	1	0	0	1
ASV_452	0	0	0	0	1	0	0	0	0	0	0	0	0	0	3	0	1	0	0	0
ASV_453	0	0	0	0	4	0	0	0	0	0	0	0	0	0	0	0	0	1	0	0
ASV_454	0	0	0	0	2	3	0	0	0	0	0	0	0	0	0	0	0	0	0	0
ASV_455	0	0	0	0	1	1	0	0	0	1	0	0	0	0	0	1	0	1	0	0
ASV_456	0	0	0	0	0	2	0	0	0	0	0	0	2	0	0	0	0	1	0	0
ASV_457	0	0	0	0	0	2	0	0	2	0	0	0	0	0	0	0	0	1	0	0
ASV_458	0	0	0	0	0	5	0	0	0	0	0	0	0	0	0	0	0	0	0	0
ASV_459	0	0	0	0	0	5	0	0	0	0	0	0	0	0	0	0	0	0	0	0
ASV_460	0	0	0	0	0	1	0	0	0	0	4	0	0	0	0	0	0	0	0	0
ASV_461	0	0	0	0	0	0	1	4	0	0	0	0	0	0	0	0	0	0	0	0
ASV_462	0	0	0	0	0	0	2	0	0	0	0	0	0	0	1	0	0	0	1	1
ASV_463	0	0	0	0	0	0	1	0	0	0	3	0	0	0	1	0	0	0	0	0
ASV_464	0	0	0	0	0	0	2	0	0	0	0	0	0	0	3	0	0	0	0	0
ASV_465	0	0	0	0	0	0	2	0	0	0	0	0	0	0	3	0	0	0	0	0
ASV_466	0	0	0	0	0	0	0	1	0	0	0	0	0	0	0	0	0	0	3	1
ASV_467	0	0	0	0	0	0	0	1	1	0	0	0	1	1	0	0	1	0	0	0
ASV_468	0	0	0	0	0	0	0	2	0	0	0	0	0	0	0	0	0	0	3	0
ASV_469	0	0	0	0	0	0	0	0	1	2	1	0	1	0	0	0	0	0	0	0
ASV_470	0	0	0	0	0	0	0	0	2	1	0	0	0	2	0	0	0	0	0	0
ASV_471	0	0	0	0	0	0	0	0	1	3	0	0	1	0	0	0	0	0	0	0
ASV_472	0	0	0	0	0	0	0	0	5	0	0	0	0	0	0	0	0	0	0	0
ASV_473	0	0	0	0	0	0	0	0	1	0	0	0	1	0	0	3	0	0	0	0
ASV_474	0	0	0	0	0	0	0	0	0	5	0	0	0	0	0	0	0	0	0	0
ASV_475	0	0	0	0	0	0	0	0	0	2	1	0	0	1	1	0	0	0	0	0
ASV_476	0	0	0	0	0	0	0	0	0	4	1	0	0	0	0	0	0	0	0	0
ASV_477	0	0	0	0	0	0	0	0	0	1	0	0	3	0	0	0	1	0	0	0
ASV_478	0	0	0	0	0	0	0	0	0	1	0	0	0	0	0	0	1	0	2	1
ASV_479	0	0	0	0	0	0	0	0	0	0	1	0	0	0	4	0	0	0	0	0
ASV_480	0	0	0	0	0	0	0	0	0	0	1	0	0	0	0	3	0	0	1	0
ASV_481	0	0	0	0	0	0	0	0	0	0	2	3	0	0	0	0	0	0	0	0
ASV_482	0	0	0	0	0	0	0	0	0	0	5	0	0	0	0	0	0	0	0	0
ASV_483	0	0	0	0	0	0	0	0	0	0	1	0	0	0	3	0	0	0	0	1
ASV_484	0	0	0	0	0	0	0	0	0	0	4	0	0	0	1	0	0	0	0	0
ASV_485	0	0	0	0	0	0	0	0	0	0	3	0	0	0	2	0	0	0	0	0
ASV_486	0	0	0	0	0	0	0	0	0	0	5	0	0	0	0	0	0	0	0	0
ASV_487	0	0	0	0	0	0	0	0	0	0	0	1	0	0	0	1	0	0	0	3
ASV_488	0	0	0	0	0	0	0	0	0	0	0	5	0	0	0	0	0	0	0	0
ASV_489	0	0	0	0	0	0	0	0	0	0	0	5	0	0	0	0	0	0	0	0
ASV_490	0	0	0	0	0	0	0	0	0	0	0	2	1	0	2	0	0	0	0	0
ASV_491	0	0	0	0	0	0	0	0	0	0	0	5	0	0	0	0	0	0	0	0
ASV_492	0	0	0	0	0	0	0	0	0	0	0	2	0	0	0	3	0	0	0	0
ASV_493	0	0	0	0	0	0	0	0	0	0	0	0	4	0	0	0	0	1	0	0
ASV_494	0	0	0	0	0	0	0	0	0	0	0	0	2	2	0	0	0	0	0	1
ASV_495	0	0	0	0	0	0	0	0	0	0	0	0	5	0	0	0	0	0	0	0
ASV_496	0	0	0	0	0	0	0	0	0	0	0	0	4	0	0	0	0	0	1	0
ASV_497	0	0	0	0	0	0	0	0	0	0	0	0	5	0	0	0	0	0	0	0
ASV_498	0	0	0	0	0	0	0	0	0	0	0	0	0	0	1	4	0	0	0	0
ASV_499	0	0	0	0	0	0	0	0	0	0	0	0	0	0	2	3	0	0	0	0
ASV_500	0	0	0	0	0	0	0	0	0	0	0	0	0	0	5	0	0	0	0	0
ASV_501	0	0	0	0	0	0	0	0	0	0	0	0	0	0	0	0	5	0	0	0
ASV_502	0	0	0	0	0	0	0	0	0	0	0	0	0	0	0	0	0	0	1	4
ASV_503	0	0	0	0	0	0	0	0	0	0	0	0	0	0	0	0	0	0	5	0
ASV_504	0	0	0	0	0	0	0	0	0	0	0	0	0	0	0	0	0	0	5	0
ASV_505	4	0	0	0	0	0	0	0	0	0	0	0	0	0	0	0	0	0	0	0
ASV_506	2	0	0	0	0	0	0	0	0	0	1	1	0	0	0	0	0	0	0	0
ASV_507	1	0	0	0	0	0	1	0	0	0	0	0	0	0	1	0	0	0	1	0
ASV_508	1	0	0	0	0	0	0	0	0	0	0	3	0	0	0	0	0	0	0	0
ASV_509	3	0	0	0	0	0	0	0	0	0	0	0	0	0	1	0	0	0	0	0
ASV_510	1	1	0	0	0	0	0	0	0	0	0	0	0	0	0	0	0	0	2	0
ASV_511	1	0	0	0	0	0	0	0	0	0	0	0	3	0	0	0	0	0	0	0
ASV_512	1	3	0	0	0	0	0	0	0	0	0	0	0	0	0	0	0	0	0	0
ASV_513	2	0	0	0	2	0	0	0	0	0	0	0	0	0	0	0	0	0	0	0
ASV_514	2	0	0	0	0	1	0	0	0	0	0	0	1	0	0	0	0	0	0	0
ASV_515	1	0	0	0	0	0	0	0	1	1	0	0	1	0	0	0	0	0	0	0
ASV_516	1	1	1	0	0	1	0	0	0	0	0	0	0	0	0	0	0	0	0	0
ASV_517	0	2	0	0	0	2	0	0	0	0	0	0	0	0	0	0	0	0	0	0
ASV_518	0	1	0	0	0	0	0	0	0	1	0	0	0	2	0	0	0	0	0	0
ASV_519	0	1	1	0	0	0	0	0	0	0	0	1	0	0	0	0	0	0	1	0
ASV_520	0	1	0	0	0	0	2	0	0	0	0	0	0	0	0	1	0	0	0	0
ASV_521	0	1	0	0	0	0	0	0	2	0	0	0	0	0	0	0	1	0	0	0
ASV_522	0	2	0	0	0	0	0	0	0	0	0	0	2	0	0	0	0	0	0	0
ASV_523	0	3	0	0	0	0	0	0	0	0	0	0	0	0	1	0	0	0	0	0
ASV_524	0	2	0	1	0	0	0	0	0	0	0	0	0	0	1	0	0	0	0	0
ASV_525	0	2	0	0	0	1	0	0	0	0	1	0	0	0	0	0	0	0	0	0
ASV_526	0	3	0	0	1	0	0	0	0	0	0	0	0	0	0	0	0	0	0	0
ASV_527	0	2	0	0	0	0	0	0	0	0	0	0	0	0	1	0	0	0	1	0
ASV_528	0	1	0	0	1	0	0	0	0	0	0	1	0	1	0	0	0	0	0	0
ASV_529	0	4	0	0	0	0	0	0	0	0	0	0	0	0	0	0	0	0	0	0
ASV_530	0	1	0	0	0	0	0	0	0	0	0	0	0	0	0	0	1	0	2	0
ASV_531	0	1	0	0	0	1	0	0	1	0	0	0	1	0	0	0	0	0	0	0
ASV_532	0	2	0	0	1	1	0	0	0	0	0	0	0	0	0	0	0	0	0	0
ASV_533	0	1	0	0	0	0	0	0	0	0	0	3	0	0	0	0	0	0	0	0
ASV_534	0	3	0	0	0	0	0	0	0	0	0	0	0	0	0	0	0	0	0	1
ASV_535	0	2	0	0	1	0	0	0	0	0	0	0	1	0	0	0	0	0	0	0
ASV_536	0	1	0	0	0	0	0	0	0	2	0	0	0	1	0	0	0	0	0	0
ASV_537	0	1	0	0	0	0	0	0	0	1	0	0	1	1	0	0	0	0	0	0
ASV_538	0	0	1	0	0	0	0	0	0	0	0	0	0	0	0	3	0	0	0	0
ASV_539	0	0	4	0	0	0	0	0	0	0	0	0	0	0	0	0	0	0	0	0
ASV_540	0	0	1	0	0	0	0	0	0	0	1	0	0	0	0	0	0	0	2	0
ASV_541	0	0	3	0	0	0	0	0	0	0	0	0	0	0	1	0	0	0	0	0
ASV_542	0	0	2	0	0	0	0	0	0	0	0	2	0	0	0	0	0	0	0	0
ASV_543	0	0	1	0	0	0	0	1	0	0	0	1	0	0	1	0	0	0	0	0
ASV_544	0	0	4	0	0	0	0	0	0	0	0	0	0	0	0	0	0	0	0	0
ASV_545	0	0	3	0	0	0	0	0	0	0	0	0	0	0	0	0	0	0	0	1
ASV_546	0	0	4	0	0	0	0	0	0	0	0	0	0	0	0	0	0	0	0	0
ASV_547	0	0	1	0	0	0	0	0	0	0	0	0	0	0	0	0	0	0	0	3
ASV_548	0	0	1	0	0	0	0	0	1	0	0	0	0	0	0	2	0	0	0	0
ASV_549	0	0	0	2	0	0	0	1	0	0	1	0	0	0	0	0	0	0	0	0
ASV_550	0	0	0	1	2	0	0	1	0	0	0	0	0	0	0	0	0	0	0	0
ASV_551	0	0	0	1	0	0	0	0	3	0	0	0	0	0	0	0	0	0	0	0
ASV_552	0	0	0	4	0	0	0	0	0	0	0	0	0	0	0	0	0	0	0	0
ASV_553	0	0	0	0	1	2	0	0	0	0	0	0	1	0	0	0	0	0	0	0
ASV_554	0	0	0	0	1	0	0	0	0	0	0	0	1	1	0	0	0	0	0	1
ASV_555	0	0	0	0	1	0	0	0	0	0	1	0	0	0	1	0	0	0	0	1
ASV_556	0	0	0	0	2	0	0	0	0	2	0	0	0	0	0	0	0	0	0	0
ASV_557	0	0	0	0	1	1	0	0	0	0	0	0	0	0	0	0	0	0	0	2
ASV_558	0	0	0	0	4	0	0	0	0	0	0	0	0	0	0	0	0	0	0	0
ASV_559	0	0	0	0	1	0	0	0	2	0	0	1	0	0	0	0	0	0	0	0
ASV_560	0	0	0	0	2	2	0	0	0	0	0	0	0	0	0	0	0	0	0	0
ASV_561	0	0	0	0	0	1	0	0	0	0	0	0	0	0	0	0	0	0	0	3
ASV_562	0	0	0	0	0	4	0	0	0	0	0	0	0	0	0	0	0	0	0	0
ASV_563	0	0	0	0	0	2	0	0	0	0	0	0	2	0	0	0	0	0	0	0
ASV_564	0	0	0	0	0	1	0	0	1	0	0	0	0	0	0	0	0	0	1	1
ASV_565	0	0	0	0	0	1	0	1	0	0	0	0	0	0	0	0	0	0	0	2
ASV_566	0	0	0	0	0	1	0	0	0	0	0	0	2	0	0	0	1	0	0	0
ASV_567	0	0	0	0	0	2	0	0	2	0	0	0	0	0	0	0	0	0	0	0
ASV_568	0	0	0	0	0	1	1	0	0	0	0	0	0	0	0	0	1	1	0	0
ASV_569	0	0	0	0	0	2	0	0	1	0	0	0	0	0	0	0	1	0	0	0
ASV_570	0	0	0	0	0	3	0	0	1	0	0	0	0	0	0	0	0	0	0	0
ASV_571	0	0	0	0	0	3	0	0	0	0	0	0	0	0	0	0	1	0	0	0
ASV_572	0	0	0	0	0	0	1	0	0	0	3	0	0	0	0	0	0	0	0	0
ASV_573	0	0	0	0	0	0	4	0	0	0	0	0	0	0	0	0	0	0	0	0
ASV_574	0	0	0	0	0	0	1	0	0	0	2	0	0	0	1	0	0	0	0	0
ASV_575	0	0	0	0	0	0	1	2	0	0	0	1	0	0	0	0	0	0	0	0
ASV_576	0	0	0	0	0	0	4	0	0	0	0	0	0	0	0	0	0	0	0	0
ASV_577	0	0	0	0	0	0	1	0	0	0	0	0	1	0	0	0	0	2	0	0
ASV_578	0	0	0	0	0	0	0	1	0	0	0	0	0	0	0	0	0	0	0	3
ASV_579	0	0	0	0	0	0	0	1	0	0	2	0	0	0	0	1	0	0	0	0
ASV_580	0	0	0	0	0	0	0	3	0	0	0	0	0	0	0	0	1	0	0	0
ASV_581	0	0	0	0	0	0	0	0	2	0	0	0	2	0	0	0	0	0	0	0
ASV_582	0	0	0	0	0	0	0	0	1	0	0	0	0	0	2	1	0	0	0	0
ASV_583	0	0	0	0	0	0	0	0	2	1	0	0	0	0	0	1	0	0	0	0
ASV_584	0	0	0	0	0	0	0	0	1	0	0	0	0	3	0	0	0	0	0	0
ASV_585	0	0	0	0	0	0	0	0	1	1	0	0	0	1	0	0	1	0	0	0
ASV_586	0	0	0	0	0	0	0	0	4	0	0	0	0	0	0	0	0	0	0	0
ASV_587	0	0	0	0	0	0	0	0	2	0	0	0	2	0	0	0	0	0	0	0
ASV_588	0	0	0	0	0	0	0	0	3	1	0	0	0	0	0	0	0	0	0	0
ASV_589	0	0	0	0	0	0	0	0	3	1	0	0	0	0	0	0	0	0	0	0
ASV_590	0	0	0	0	0	0	0	0	1	3	0	0	0	0	0	0	0	0	0	0
ASV_591	0	0	0	0	0	0	0	0	0	4	0	0	0	0	0	0	0	0	0	0
ASV_592	0	0	0	0	0	0	0	0	0	4	0	0	0	0	0	0	0	0	0	0
ASV_593	0	0	0	0	0	0	0	0	0	3	0	0	0	0	0	0	0	0	0	1
ASV_594	0	0	0	0	0	0	0	0	0	1	0	0	3	0	0	0	0	0	0	0
ASV_595	0	0	0	0	0	0	0	0	0	2	0	0	0	0	0	0	1	1	0	0
ASV_596	0	0	0	0	0	0	0	0	0	4	0	0	0	0	0	0	0	0	0	0
ASV_597	0	0	0	0	0	0	0	0	0	1	0	0	2	1	0	0	0	0	0	0
ASV_598	0	0	0	0	0	0	0	0	0	4	0	0	0	0	0	0	0	0	0	0
ASV_599	0	0	0	0	0	0	0	0	0	4	0	0	0	0	0	0	0	0	0	0
ASV_600	0	0	0	0	0	0	0	0	0	2	1	0	0	0	1	0	0	0	0	0
ASV_601	0	0	0	0	0	0	0	0	0	2	0	0	1	0	0	0	1	0	0	0
ASV_602	0	0	0	0	0	0	0	0	0	0	3	1	0	0	0	0	0	0	0	0
ASV_603	0	0	0	0	0	0	0	0	0	0	2	0	0	0	0	0	0	0	1	1
ASV_604	0	0	0	0	0	0	0	0	0	0	4	0	0	0	0	0	0	0	0	0
ASV_605	0	0	0	0	0	0	0	0	0	0	4	0	0	0	0	0	0	0	0	0
ASV_606	0	0	0	0	0	0	0	0	0	0	1	0	3	0	0	0	0	0	0	0
ASV_607	0	0	0	0	0	0	0	0	0	0	4	0	0	0	0	0	0	0	0	0
ASV_608	0	0	0	0	0	0	0	0	0	0	3	1	0	0	0	0	0	0	0	0
ASV_609	0	0	0	0	0	0	0	0	0	0	0	2	0	0	0	2	0	0	0	0
ASV_610	0	0	0	0	0	0	0	0	0	0	0	4	0	0	0	0	0	0	0	0
ASV_611	0	0	0	0	0	0	0	0	0	0	0	4	0	0	0	0	0	0	0	0
ASV_612	0	0	0	0	0	0	0	0	0	0	0	4	0	0	0	0	0	0	0	0
ASV_613	0	0	0	0	0	0	0	0	0	0	0	4	0	0	0	0	0	0	0	0
ASV_614	0	0	0	0	0	0	0	0	0	0	0	4	0	0	0	0	0	0	0	0
ASV_615	0	0	0	0	0	0	0	0	0	0	0	4	0	0	0	0	0	0	0	0
ASV_616	0	0	0	0	0	0	0	0	0	0	0	4	0	0	0	0	0	0	0	0
ASV_617	0	0	0	0	0	0	0	0	0	0	0	4	0	0	0	0	0	0	0	0
ASV_618	0	0	0	0	0	0	0	0	0	0	0	0	3	0	0	0	1	0	0	0
ASV_619	0	0	0	0	0	0	0	0	0	0	0	0	4	0	0	0	0	0	0	0
ASV_620	0	0	0	0	0	0	0	0	0	0	0	0	1	0	3	0	0	0	0	0
ASV_621	0	0	0	0	0	0	0	0	0	0	0	0	1	0	2	0	0	0	1	0
ASV_622	0	0	0	0	0	0	0	0	0	0	0	0	4	0	0	0	0	0	0	0
ASV_623	0	0	0	0	0	0	0	0	0	0	0	0	2	2	0	0	0	0	0	0
ASV_624	0	0	0	0	0	0	0	0	0	0	0	0	0	0	4	0	0	0	0	0
ASV_625	0	0	0	0	0	0	0	0	0	0	0	0	0	0	1	0	2	0	0	1
ASV_626	0	0	0	0	0	0	0	0	0	0	0	0	0	0	0	4	0	0	0	0
ASV_627	0	0	0	0	0	0	0	0	0	0	0	0	0	0	0	3	0	0	0	1
ASV_628	0	0	0	0	0	0	0	0	0	0	0	0	0	0	0	0	0	4	0	0
ASV_629	0	0	0	0	0	0	0	0	0	0	0	0	0	0	0	0	0	4	0	0
ASV_630	0	0	0	0	0	0	0	0	0	0	0	0	0	0	0	0	0	2	2	0
ASV_631	0	0	0	0	0	0	0	0	0	0	0	0	0	0	0	0	0	0	4	0
ASV_632	3	0	0	0	0	0	0	0	0	0	0	0	0	0	0	0	0	0	0	0
ASV_633	1	0	0	0	0	0	0	0	1	0	0	0	0	0	0	0	0	0	0	1
ASV_634	1	0	0	0	0	0	0	0	0	1	0	0	0	0	0	1	0	0	0	0
ASV_635	3	0	0	0	0	0	0	0	0	0	0	0	0	0	0	0	0	0	0	0
ASV_636	1	0	0	0	0	0	0	0	0	0	0	0	0	2	0	0	0	0	0	0
ASV_637	1	0	0	0	0	1	0	0	0	0	0	0	0	0	0	0	0	0	0	1
ASV_638	1	0	0	0	0	0	0	0	0	1	0	0	1	0	0	0	0	0	0	0
ASV_639	3	0	0	0	0	0	0	0	0	0	0	0	0	0	0	0	0	0	0	0
ASV_640	1	1	1	0	0	0	0	0	0	0	0	0	0	0	0	0	0	0	0	0
ASV_641	2	0	0	0	0	0	0	0	0	0	0	0	0	0	0	0	0	0	0	1
ASV_642	2	0	0	0	0	0	0	0	0	0	1	0	0	0	0	0	0	0	0	0
ASV_643	1	0	0	0	0	0	0	0	0	1	0	0	0	0	0	0	1	0	0	0
ASV_644	1	2	0	0	0	0	0	0	0	0	0	0	0	0	0	0	0	0	0	0
ASV_645	1	0	0	0	1	0	0	0	0	0	0	0	0	0	1	0	0	0	0	0
ASV_646	3	0	0	0	0	0	0	0	0	0	0	0	0	0	0	0	0	0	0	0
ASV_647	1	0	0	0	0	0	0	0	0	0	0	2	0	0	0	0	0	0	0	0
ASV_648	1	0	0	0	0	0	0	0	0	0	0	2	0	0	0	0	0	0	0	0
ASV_649	1	1	0	0	0	0	0	0	0	0	0	0	0	0	0	0	0	0	0	1
ASV_650	2	0	0	0	0	0	1	0	0	0	0	0	0	0	0	0	0	0	0	0
ASV_651	3	0	0	0	0	0	0	0	0	0	0	0	0	0	0	0	0	0	0	0
ASV_652	1	0	0	0	1	0	0	0	0	0	0	0	1	0	0	0	0	0	0	0
ASV_653	1	0	0	0	0	0	0	0	0	0	1	0	0	0	1	0	0	0	0	0
ASV_654	1	0	0	0	0	0	0	0	0	0	0	0	0	0	0	0	0	0	2	0
ASV_655	2	0	0	0	0	0	0	0	0	0	0	0	1	0	0	0	0	0	0	0
ASV_656	3	0	0	0	0	0	0	0	0	0	0	0	0	0	0	0	0	0	0	0
ASV_657	1	1	0	0	0	0	0	0	0	0	0	0	0	1	0	0	0	0	0	0
ASV_658	2	0	0	0	0	0	0	0	0	0	0	0	0	0	0	0	1	0	0	0
ASV_659	1	0	0	0	0	0	0	0	0	0	0	0	0	0	0	0	2	0	0	0
ASV_660	1	0	0	0	0	0	0	0	0	1	0	0	0	0	0	0	1	0	0	0
ASV_661	0	3	0	0	0	0	0	0	0	0	0	0	0	0	0	0	0	0	0	0
ASV_662	0	2	0	0	0	0	0	0	0	0	0	0	0	0	0	0	0	0	1	0
ASV_663	0	1	0	0	2	0	0	0	0	0	0	0	0	0	0	0	0	0	0	0
ASV_664	0	1	0	0	0	1	0	0	0	0	0	0	0	0	0	0	1	0	0	0
ASV_665	0	1	0	0	0	0	0	0	0	0	0	0	0	0	0	1	0	0	1	0
ASV_666	0	1	0	0	0	2	0	0	0	0	0	0	0	0	0	0	0	0	0	0
ASV_667	0	3	0	0	0	0	0	0	0	0	0	0	0	0	0	0	0	0	0	0
ASV_668	0	2	0	0	1	0	0	0	0	0	0	0	0	0	0	0	0	0	0	0
ASV_669	0	1	0	0	1	1	0	0	0	0	0	0	0	0	0	0	0	0	0	0
ASV_670	0	1	0	0	0	1	0	1	0	0	0	0	0	0	0	0	0	0	0	0
ASV_671	0	1	0	0	0	0	0	0	0	0	0	0	0	0	1	0	0	0	0	1
ASV_672	0	1	0	0	0	2	0	0	0	0	0	0	0	0	0	0	0	0	0	0
ASV_673	0	1	0	0	0	0	0	0	0	0	2	0	0	0	0	0	0	0	0	0
ASV_674	0	1	0	0	0	0	0	0	0	0	0	0	0	0	0	0	0	0	2	0
ASV_675	0	3	0	0	0	0	0	0	0	0	0	0	0	0	0	0	0	0	0	0
ASV_676	0	1	0	0	0	0	0	0	0	2	0	0	0	0	0	0	0	0	0	0
ASV_677	0	1	2	0	0	0	0	0	0	0	0	0	0	0	0	0	0	0	0	0
ASV_678	0	1	0	0	0	1	0	0	0	1	0	0	0	0	0	0	0	0	0	0
ASV_679	0	1	1	0	0	0	0	1	0	0	0	0	0	0	0	0	0	0	0	0
ASV_680	0	1	0	0	1	1	0	0	0	0	0	0	0	0	0	0	0	0	0	0
ASV_681	0	1	0	0	2	0	0	0	0	0	0	0	0	0	0	0	0	0	0	0
ASV_682	0	1	0	0	0	0	1	0	0	0	0	0	1	0	0	0	0	0	0	0
ASV_683	0	1	0	0	0	0	0	0	0	0	0	0	2	0	0	0	0	0	0	0
ASV_684	0	1	0	0	0	1	0	0	0	0	0	0	1	0	0	0	0	0	0	0
ASV_685	0	2	0	0	0	1	0	0	0	0	0	0	0	0	0	0	0	0	0	0
ASV_686	0	1	0	0	0	0	0	0	1	0	0	0	0	0	0	0	0	1	0	0
ASV_687	0	3	0	0	0	0	0	0	0	0	0	0	0	0	0	0	0	0	0	0
ASV_688	0	3	0	0	0	0	0	0	0	0	0	0	0	0	0	0	0	0	0	0
ASV_689	0	1	0	0	1	0	0	0	0	0	0	0	1	0	0	0	0	0	0	0
ASV_690	0	2	0	0	0	1	0	0	0	0	0	0	0	0	0	0	0	0	0	0
ASV_691	0	2	0	0	0	0	0	0	0	0	0	0	1	0	0	0	0	0	0	0
ASV_692	0	1	0	0	0	0	0	0	0	0	1	0	0	0	0	0	0	0	1	0
ASV_693	0	2	0	1	0	0	0	0	0	0	0	0	0	0	0	0	0	0	0	0
ASV_694	0	0	3	0	0	0	0	0	0	0	0	0	0	0	0	0	0	0	0	0
ASV_695	0	0	2	0	0	0	0	0	0	0	0	1	0	0	0	0	0	0	0	0
ASV_696	0	0	1	0	0	1	1	0	0	0	0	0	0	0	0	0	0	0	0	0
ASV_697	0	0	1	0	0	0	0	0	0	0	0	0	0	0	1	1	0	0	0	0
ASV_698	0	0	1	0	0	0	0	0	0	0	0	0	0	0	1	1	0	0	0	0
ASV_699	0	0	1	0	0	0	0	0	0	0	0	0	0	0	1	0	0	0	1	0
ASV_700	0	0	3	0	0	0	0	0	0	0	0	0	0	0	0	0	0	0	0	0
ASV_701	0	0	1	2	0	0	0	0	0	0	0	0	0	0	0	0	0	0	0	0
ASV_702	0	0	2	0	0	0	0	1	0	0	0	0	0	0	0	0	0	0	0	0
ASV_703	0	0	2	0	0	0	0	0	0	0	0	0	0	0	0	1	0	0	0	0
ASV_704	0	0	1	0	0	0	1	1	0	0	0	0	0	0	0	0	0	0	0	0
ASV_705	0	0	1	0	0	0	0	1	0	0	1	0	0	0	0	0	0	0	0	0
ASV_706	0	0	1	0	0	0	0	0	1	0	0	0	1	0	0	0	0	0	0	0
ASV_707	0	0	1	0	0	0	0	0	0	0	0	2	0	0	0	0	0	0	0	0
ASV_708	0	0	1	0	1	0	0	0	0	0	0	0	1	0	0	0	0	0	0	0
ASV_709	0	0	2	0	0	0	0	0	0	0	0	0	0	0	1	0	0	0	0	0
ASV_710	0	0	3	0	0	0	0	0	0	0	0	0	0	0	0	0	0	0	0	0
ASV_711	0	0	1	0	0	0	0	0	0	0	0	1	0	0	0	0	0	0	1	0
ASV_712	0	0	3	0	0	0	0	0	0	0	0	0	0	0	0	0	0	0	0	0
ASV_713	0	0	1	1	0	0	0	0	0	0	0	0	0	0	0	1	0	0	0	0
ASV_714	0	0	0	3	0	0	0	0	0	0	0	0	0	0	0	0	0	0	0	0
ASV_715	0	0	0	2	0	0	1	0	0	0	0	0	0	0	0	0	0	0	0	0
ASV_716	0	0	0	1	0	0	0	0	0	0	0	2	0	0	0	0	0	0	0	0
ASV_717	0	0	0	2	0	0	0	0	1	0	0	0	0	0	0	0	0	0	0	0
ASV_718	0	0	0	1	0	0	1	0	0	0	1	0	0	0	0	0	0	0	0	0
ASV_719	0	0	0	1	0	0	0	0	0	0	0	0	0	0	0	0	0	2	0	0
ASV_720	0	0	0	1	0	0	0	0	0	0	1	0	1	0	0	0	0	0	0	0
ASV_721	0	0	0	1	0	0	0	0	0	0	0	2	0	0	0	0	0	0	0	0
ASV_722	0	0	0	2	0	0	0	0	0	0	0	0	0	0	1	0	0	0	0	0
ASV_723	0	0	0	1	0	0	0	2	0	0	0	0	0	0	0	0	0	0	0	0
ASV_724	0	0	0	0	1	0	0	0	0	0	0	0	0	0	0	0	1	1	0	0
ASV_725	0	0	0	0	2	0	0	0	1	0	0	0	0	0	0	0	0	0	0	0
ASV_726	0	0	0	0	2	0	1	0	0	0	0	0	0	0	0	0	0	0	0	0
ASV_727	0	0	0	0	2	0	0	0	0	0	0	0	1	0	0	0	0	0	0	0
ASV_728	0	0	0	0	1	0	0	0	0	0	0	0	0	0	2	0	0	0	0	0
ASV_729	0	0	0	0	3	0	0	0	0	0	0	0	0	0	0	0	0	0	0	0
ASV_730	0	0	0	0	1	0	0	0	0	0	0	0	0	0	0	0	1	1	0	0
ASV_731	0	0	0	0	1	0	0	0	0	0	0	0	1	0	1	0	0	0	0	0
ASV_732	0	0	0	0	2	0	0	0	0	0	0	0	1	0	0	0	0	0	0	0
ASV_733	0	0	0	0	1	0	0	0	0	0	0	0	1	1	0	0	0	0	0	0
ASV_734	0	0	0	0	1	0	0	0	2	0	0	0	0	0	0	0	0	0	0	0
ASV_735	0	0	0	0	3	0	0	0	0	0	0	0	0	0	0	0	0	0	0	0
ASV_736	0	0	0	0	3	0	0	0	0	0	0	0	0	0	0	0	0	0	0	0
ASV_737	0	0	0	0	3	0	0	0	0	0	0	0	0	0	0	0	0	0	0	0
ASV_738	0	0	0	0	1	0	0	0	0	0	0	2	0	0	0	0	0	0	0	0
ASV_739	0	0	0	0	0	3	0	0	0	0	0	0	0	0	0	0	0	0	0	0
ASV_740	0	0	0	0	0	1	0	0	0	0	0	0	0	0	0	0	0	0	0	2
ASV_741	0	0	0	0	0	3	0	0	0	0	0	0	0	0	0	0	0	0	0	0
ASV_742	0	0	0	0	0	2	0	0	1	0	0	0	0	0	0	0	0	0	0	0
ASV_743	0	0	0	0	0	1	0	0	0	0	0	0	0	0	0	0	0	2	0	0
ASV_744	0	0	0	0	0	1	0	0	0	0	0	0	0	0	0	0	1	0	0	1
ASV_745	0	0	0	0	0	3	0	0	0	0	0	0	0	0	0	0	0	0	0	0
ASV_746	0	0	0	0	0	1	0	0	2	0	0	0	0	0	0	0	0	0	0	0
ASV_747	0	0	0	0	0	1	1	0	0	0	0	0	0	0	1	0	0	0	0	0
ASV_748	0	0	0	0	0	1	0	0	0	0	0	0	1	0	0	0	1	0	0	0
ASV_749	0	0	0	0	0	1	0	0	0	0	0	0	2	0	0	0	0	0	0	0
ASV_750	0	0	0	0	0	1	0	0	0	0	2	0	0	0	0	0	0	0	0	0
ASV_751	0	0	0	0	0	1	0	0	0	2	0	0	0	0	0	0	0	0	0	0
ASV_752	0	0	0	0	0	2	0	0	0	0	0	0	1	0	0	0	0	0	0	0
ASV_753	0	0	0	0	0	1	0	0	0	0	0	2	0	0	0	0	0	0	0	0
ASV_754	0	0	0	0	0	1	0	0	0	0	0	0	1	0	0	0	1	0	0	0
ASV_755	0	0	0	0	0	1	0	0	0	1	0	0	0	0	1	0	0	0	0	0
ASV_756	0	0	0	0	0	1	0	0	0	0	2	0	0	0	0	0	0	0	0	0
ASV_757	0	0	0	0	0	0	2	1	0	0	0	0	0	0	0	0	0	0	0	0
ASV_758	0	0	0	0	0	0	2	0	0	0	0	0	0	0	1	0	0	0	0	0
ASV_759	0	0	0	0	0	0	1	0	2	0	0	0	0	0	0	0	0	0	0	0
ASV_760	0	0	0	0	0	0	3	0	0	0	0	0	0	0	0	0	0	0	0	0
ASV_761	0	0	0	0	0	0	3	0	0	0	0	0	0	0	0	0	0	0	0	0
ASV_762	0	0	0	0	0	0	1	0	0	0	0	0	0	0	1	0	0	0	1	0
ASV_763	0	0	0	0	0	0	3	0	0	0	0	0	0	0	0	0	0	0	0	0
ASV_764	0	0	0	0	0	0	1	1	0	0	0	0	0	0	0	0	0	0	1	0
ASV_765	0	0	0	0	0	0	2	0	0	0	0	1	0	0	0	0	0	0	0	0
ASV_766	0	0	0	0	0	0	1	0	0	0	0	0	0	0	1	1	0	0	0	0
ASV_767	0	0	0	0	0	0	0	2	0	0	0	0	1	0	0	0	0	0	0	0
ASV_768	0	0	0	0	0	0	0	1	0	0	1	0	0	0	1	0	0	0	0	0
ASV_769	0	0	0	0	0	0	0	2	0	0	0	1	0	0	0	0	0	0	0	0
ASV_770	0	0	0	0	0	0	0	1	0	0	2	0	0	0	0	0	0	0	0	0
ASV_771	0	0	0	0	0	0	0	3	0	0	0	0	0	0	0	0	0	0	0	0
ASV_772	0	0	0	0	0	0	0	2	0	0	0	0	0	0	1	0	0	0	0	0
ASV_773	0	0	0	0	0	0	0	2	0	0	0	0	0	0	1	0	0	0	0	0
ASV_774	0	0	0	0	0	0	0	1	0	0	0	0	0	0	0	0	0	0	2	0
ASV_775	0	0	0	0	0	0	0	1	0	0	0	0	0	0	1	0	0	0	1	0
ASV_776	0	0	0	0	0	0	0	2	0	0	0	0	0	0	1	0	0	0	0	0
ASV_777	0	0	0	0	0	0	0	2	0	0	0	1	0	0	0	0	0	0	0	0
ASV_778	0	0	0	0	0	0	0	0	3	0	0	0	0	0	0	0	0	0	0	0
ASV_779	0	0	0	0	0	0	0	0	1	0	0	0	0	0	0	1	0	1	0	0
ASV_780	0	0	0	0	0	0	0	0	1	0	0	0	0	0	0	0	2	0	0	0
ASV_781	0	0	0	0	0	0	0	0	1	0	0	0	0	1	0	0	1	0	0	0
ASV_782	0	0	0	0	0	0	0	0	1	0	0	0	1	0	0	0	1	0	0	0
ASV_783	0	0	0	0	0	0	0	0	2	0	0	0	0	0	0	0	1	0	0	0
ASV_784	0	0	0	0	0	0	0	0	1	0	0	0	0	2	0	0	0	0	0	0
ASV_785	0	0	0	0	0	0	0	0	3	0	0	0	0	0	0	0	0	0	0	0
ASV_786	0	0	0	0	0	0	0	0	1	0	0	0	2	0	0	0	0	0	0	0
ASV_787	0	0	0	0	0	0	0	0	1	0	2	0	0	0	0	0	0	0	0	0
ASV_788	0	0	0	0	0	0	0	0	2	0	0	0	0	0	0	0	1	0	0	0
ASV_789	0	0	0	0	0	0	0	0	2	0	0	0	0	0	0	0	0	1	0	0
ASV_790	0	0	0	0	0	0	0	0	1	0	0	0	0	0	0	2	0	0	0	0
ASV_791	0	0	0	0	0	0	0	0	2	0	0	0	0	1	0	0	0	0	0	0
ASV_792	0	0	0	0	0	0	0	0	0	1	0	0	1	1	0	0	0	0	0	0
ASV_793	0	0	0	0	0	0	0	0	0	1	0	0	0	0	2	0	0	0	0	0
ASV_794	0	0	0	0	0	0	0	0	0	2	0	0	0	1	0	0	0	0	0	0
ASV_795	0	0	0	0	0	0	0	0	0	0	1	0	0	1	0	0	0	0	0	1
ASV_796	0	0	0	0	0	0	0	0	0	0	3	0	0	0	0	0	0	0	0	0
ASV_797	0	0	0	0	0	0	0	0	0	0	3	0	0	0	0	0	0	0	0	0
ASV_798	0	0	0	0	0	0	0	0	0	0	2	0	0	0	1	0	0	0	0	0
ASV_799	0	0	0	0	0	0	0	0	0	0	1	0	0	0	0	0	0	1	0	1
ASV_800	0	0	0	0	0	0	0	0	0	0	2	0	0	0	0	0	0	0	1	0
ASV_801	0	0	0	0	0	0	0	0	0	0	1	0	0	0	0	0	2	0	0	0
ASV_802	0	0	0	0	0	0	0	0	0	0	1	0	0	0	0	0	2	0	0	0
ASV_803	0	0	0	0	0	0	0	0	0	0	0	3	0	0	0	0	0	0	0	0
ASV_804	0	0	0	0	0	0	0	0	0	0	0	2	0	0	1	0	0	0	0	0
ASV_805	0	0	0	0	0	0	0	0	0	0	0	3	0	0	0	0	0	0	0	0
ASV_806	0	0	0	0	0	0	0	0	0	0	0	1	0	0	1	0	0	0	0	1
ASV_807	0	0	0	0	0	0	0	0	0	0	0	3	0	0	0	0	0	0	0	0
ASV_808	0	0	0	0	0	0	0	0	0	0	0	3	0	0	0	0	0	0	0	0
ASV_809	0	0	0	0	0	0	0	0	0	0	0	2	0	0	0	1	0	0	0	0
ASV_810	0	0	0	0	0	0	0	0	0	0	0	2	0	0	1	0	0	0	0	0
ASV_811	0	0	0	0	0	0	0	0	0	0	0	2	0	0	1	0	0	0	0	0
ASV_812	0	0	0	0	0	0	0	0	0	0	0	3	0	0	0	0	0	0	0	0
ASV_813	0	0	0	0	0	0	0	0	0	0	0	3	0	0	0	0	0	0	0	0
ASV_814	0	0	0	0	0	0	0	0	0	0	0	3	0	0	0	0	0	0	0	0
ASV_815	0	0	0	0	0	0	0	0	0	0	0	3	0	0	0	0	0	0	0	0
ASV_816	0	0	0	0	0	0	0	0	0	0	0	3	0	0	0	0	0	0	0	0
ASV_817	0	0	0	0	0	0	0	0	0	0	0	0	1	1	0	0	1	0	0	0
ASV_818	0	0	0	0	0	0	0	0	0	0	0	0	2	0	0	0	0	0	1	0
ASV_819	0	0	0	0	0	0	0	0	0	0	0	0	3	0	0	0	0	0	0	0
ASV_820	0	0	0	0	0	0	0	0	0	0	0	0	3	0	0	0	0	0	0	0
ASV_821	0	0	0	0	0	0	0	0	0	0	0	0	2	0	1	0	0	0	0	0
ASV_822	0	0	0	0	0	0	0	0	0	0	0	0	1	1	0	0	1	0	0	0
ASV_823	0	0	0	0	0	0	0	0	0	0	0	0	2	1	0	0	0	0	0	0
ASV_824	0	0	0	0	0	0	0	0	0	0	0	0	3	0	0	0	0	0	0	0
ASV_825	0	0	0	0	0	0	0	0	0	0	0	0	3	0	0	0	0	0	0	0
ASV_826	0	0	0	0	0	0	0	0	0	0	0	0	1	2	0	0	0	0	0	0
ASV_827	0	0	0	0	0	0	0	0	0	0	0	0	2	0	0	0	0	0	0	1
ASV_828	0	0	0	0	0	0	0	0	0	0	0	0	2	1	0	0	0	0	0	0
ASV_829	0	0	0	0	0	0	0	0	0	0	0	0	3	0	0	0	0	0	0	0
ASV_830	0	0	0	0	0	0	0	0	0	0	0	0	3	0	0	0	0	0	0	0
ASV_831	0	0	0	0	0	0	0	0	0	0	0	0	0	3	0	0	0	0	0	0
ASV_832	0	0	0	0	0	0	0	0	0	0	0	0	0	1	2	0	0	0	0	0
ASV_833	0	0	0	0	0	0	0	0	0	0	0	0	0	2	0	0	0	0	1	0
ASV_834	0	0	0	0	0	0	0	0	0	0	0	0	0	3	0	0	0	0	0	0
ASV_835	0	0	0	0	0	0	0	0	0	0	0	0	0	3	0	0	0	0	0	0
ASV_836	0	0	0	0	0	0	0	0	0	0	0	0	0	3	0	0	0	0	0	0
ASV_837	0	0	0	0	0	0	0	0	0	0	0	0	0	3	0	0	0	0	0	0
ASV_838	0	0	0	0	0	0	0	0	0	0	0	0	0	2	0	0	0	1	0	0
ASV_839	0	0	0	0	0	0	0	0	0	0	0	0	0	0	1	1	0	0	0	1
ASV_840	0	0	0	0	0	0	0	0	0	0	0	0	0	0	3	0	0	0	0	0
ASV_841	0	0	0	0	0	0	0	0	0	0	0	0	0	0	3	0	0	0	0	0
ASV_842	0	0	0	0	0	0	0	0	0	0	0	0	0	0	1	0	0	0	2	0
ASV_843	0	0	0	0	0	0	0	0	0	0	0	0	0	0	3	0	0	0	0	0
ASV_844	0	0	0	0	0	0	0	0	0	0	0	0	0	0	0	3	0	0	0	0
ASV_845	0	0	0	0	0	0	0	0	0	0	0	0	0	0	0	3	0	0	0	0
ASV_846	0	0	0	0	0	0	0	0	0	0	0	0	0	0	0	3	0	0	0	0
ASV_847	0	0	0	0	0	0	0	0	0	0	0	0	0	0	0	1	0	0	0	2
ASV_848	0	0	0	0	0	0	0	0	0	0	0	0	0	0	0	3	0	0	0	0
ASV_849	0	0	0	0	0	0	0	0	0	0	0	0	0	0	0	3	0	0	0	0
ASV_850	0	0	0	0	0	0	0	0	0	0	0	0	0	0	0	2	0	0	0	1
ASV_851	0	0	0	0	0	0	0	0	0	0	0	0	0	0	0	3	0	0	0	0
ASV_852	0	0	0	0	0	0	0	0	0	0	0	0	0	0	0	0	1	2	0	0
ASV_853	0	0	0	0	0	0	0	0	0	0	0	0	0	0	0	0	1	0	0	2
ASV_854	0	0	0	0	0	0	0	0	0	0	0	0	0	0	0	0	3	0	0	0
ASV_855	0	0	0	0	0	0	0	0	0	0	0	0	0	0	0	0	3	0	0	0
ASV_856	0	0	0	0	0	0	0	0	0	0	0	0	0	0	0	0	0	3	0	0
ASV_857	0	0	0	0	0	0	0	0	0	0	0	0	0	0	0	0	0	3	0	0
ASV_858	0	0	0	0	0	0	0	0	0	0	0	0	0	0	0	0	0	3	0	0
ASV_859	0	0	0	0	0	0	0	0	0	0	0	0	0	0	0	0	0	3	0	0
ASV_860	0	0	0	0	0	0	0	0	0	0	0	0	0	0	0	0	0	3	0	0
ASV_861	0	0	0	0	0	0	0	0	0	0	0	0	0	0	0	0	0	0	3	0
ASV_862	0	0	0	0	0	0	0	0	0	0	0	0	0	0	0	0	0	0	1	2
ASV_863	0	0	0	0	0	0	0	0	0	0	0	0	0	0	0	0	0	0	2	1
ASV_864	0	0	0	0	0	0	0	0	0	0	0	0	0	0	0	0	0	0	3	0
ASV_865	0	0	0	0	0	0	0	0	0	0	0	0	0	0	0	0	0	0	3	0
ASV_866	0	0	0	0	0	0	0	0	0	0	0	0	0	0	0	0	0	0	3	0
ASV_867	0	0	0	0	0	0	0	0	0	0	0	0	0	0	0	0	0	0	3	0
ASV_868	0	0	0	0	0	0	0	0	0	0	0	0	0	0	0	0	0	0	0	3
ASV_869	0	0	0	0	0	0	0	0	0	0	0	0	0	0	0	0	0	0	0	3
ASV_870	0	0	0	0	0	0	0	0	0	0	0	0	0	0	0	0	0	0	0	3
ASV_871	0	0	0	0	0	0	0	0	0	0	0	0	0	0	0	0	0	0	0	3
ASV_872	0	0	0	0	0	0	0	0	0	0	0	0	0	0	0	0	0	0	0	3
ASV_873	0	0	0	0	0	0	0	0	0	0	0	0	0	0	0	0	0	0	0	3
ASV_874	0	0	0	0	0	0	0	0	0	0	0	0	0	0	0	0	0	0	0	3
ASV_875	0	0	0	0	0	0	0	0	0	0	0	0	0	0	0	0	0	0	0	3
ASV_876	2	0	0	0	0	0	0	0	0	0	0	0	0	0	0	0	0	0	0	0
ASV_877	2	0	0	0	0	0	0	0	0	0	0	0	0	0	0	0	0	0	0	0
ASV_878	2	0	0	0	0	0	0	0	0	0	0	0	0	0	0	0	0	0	0	0
ASV_879	2	0	0	0	0	0	0	0	0	0	0	0	0	0	0	0	0	0	0	0
ASV_880	2	0	0	0	0	0	0	0	0	0	0	0	0	0	0	0	0	0	0	0
ASV_881	2	0	0	0	0	0	0	0	0	0	0	0	0	0	0	0	0	0	0	0
ASV_882	2	0	0	0	0	0	0	0	0	0	0	0	0	0	0	0	0	0	0	0
ASV_883	2	0	0	0	0	0	0	0	0	0	0	0	0	0	0	0	0	0	0	0
ASV_884	2	0	0	0	0	0	0	0	0	0	0	0	0	0	0	0	0	0	0	0
ASV_885	1	0	0	0	0	0	0	0	0	0	0	0	0	0	0	0	0	0	1	0
ASV_886	1	0	0	0	1	0	0	0	0	0	0	0	0	0	0	0	0	0	0	0
ASV_887	1	0	0	0	0	0	0	1	0	0	0	0	0	0	0	0	0	0	0	0
ASV_888	1	0	0	0	0	0	0	0	0	0	0	0	0	0	1	0	0	0	0	0
ASV_889	1	1	0	0	0	0	0	0	0	0	0	0	0	0	0	0	0	0	0	0
ASV_890	1	0	0	0	0	0	0	0	0	1	0	0	0	0	0	0	0	0	0	0
ASV_891	2	0	0	0	0	0	0	0	0	0	0	0	0	0	0	0	0	0	0	0
ASV_892	1	0	0	0	0	0	0	0	0	0	0	0	0	0	0	0	1	0	0	0
ASV_893	2	0	0	0	0	0	0	0	0	0	0	0	0	0	0	0	0	0	0	0
ASV_894	1	0	0	0	0	1	0	0	0	0	0	0	0	0	0	0	0	0	0	0
ASV_895	2	0	0	0	0	0	0	0	0	0	0	0	0	0	0	0	0	0	0	0
ASV_896	1	0	0	0	0	0	0	0	0	0	0	0	1	0	0	0	0	0	0	0
ASV_897	1	1	0	0	0	0	0	0	0	0	0	0	0	0	0	0	0	0	0	0
ASV_898	1	1	0	0	0	0	0	0	0	0	0	0	0	0	0	0	0	0	0	0
ASV_899	1	0	0	0	0	0	0	0	0	0	0	1	0	0	0	0	0	0	0	0
ASV_900	1	0	0	0	0	0	0	0	0	0	0	0	0	0	0	0	0	0	0	1
ASV_901	2	0	0	0	0	0	0	0	0	0	0	0	0	0	0	0	0	0	0	0
ASV_902	2	0	0	0	0	0	0	0	0	0	0	0	0	0	0	0	0	0	0	0
ASV_903	1	1	0	0	0	0	0	0	0	0	0	0	0	0	0	0	0	0	0	0
ASV_904	1	0	0	0	0	0	0	0	1	0	0	0	0	0	0	0	0	0	0	0
ASV_905	1	0	0	0	0	1	0	0	0	0	0	0	0	0	0	0	0	0	0	0
ASV_906	1	0	0	0	0	0	0	1	0	0	0	0	0	0	0	0	0	0	0	0
ASV_907	2	0	0	0	0	0	0	0	0	0	0	0	0	0	0	0	0	0	0	0
ASV_908	1	0	0	0	0	0	0	0	0	0	1	0	0	0	0	0	0	0	0	0
ASV_909	2	0	0	0	0	0	0	0	0	0	0	0	0	0	0	0	0	0	0	0
ASV_910	1	0	0	0	0	0	0	0	0	0	0	0	0	0	0	0	0	0	0	1
ASV_911	2	0	0	0	0	0	0	0	0	0	0	0	0	0	0	0	0	0	0	0
ASV_912	1	1	0	0	0	0	0	0	0	0	0	0	0	0	0	0	0	0	0	0
ASV_913	1	1	0	0	0	0	0	0	0	0	0	0	0	0	0	0	0	0	0	0
ASV_914	1	0	0	0	0	0	0	0	0	0	0	0	0	1	0	0	0	0	0	0
ASV_915	1	0	0	0	0	0	0	0	0	0	0	0	1	0	0	0	0	0	0	0
ASV_916	1	0	0	0	1	0	0	0	0	0	0	0	0	0	0	0	0	0	0	0
ASV_917	1	0	0	0	0	0	0	0	1	0	0	0	0	0	0	0	0	0	0	0
ASV_918	1	0	0	0	0	0	0	0	0	0	0	0	0	0	0	0	0	1	0	0
ASV_919	2	0	0	0	0	0	0	0	0	0	0	0	0	0	0	0	0	0	0	0
ASV_920	1	0	0	0	0	0	0	0	0	0	0	0	0	0	0	0	0	1	0	0
ASV_921	1	0	0	0	0	0	0	0	0	1	0	0	0	0	0	0	0	0	0	0
ASV_922	1	0	0	0	0	0	0	0	0	0	0	0	0	0	0	0	1	0	0	0
ASV_923	1	0	0	0	0	0	0	0	0	0	0	0	0	0	0	0	0	0	0	1
ASV_924	2	0	0	0	0	0	0	0	0	0	0	0	0	0	0	0	0	0	0	0
ASV_925	1	0	0	0	1	0	0	0	0	0	0	0	0	0	0	0	0	0	0	0
ASV_926	0	2	0	0	0	0	0	0	0	0	0	0	0	0	0	0	0	0	0	0
ASV_927	0	2	0	0	0	0	0	0	0	0	0	0	0	0	0	0	0	0	0	0
ASV_928	0	2	0	0	0	0	0	0	0	0	0	0	0	0	0	0	0	0	0	0
ASV_929	0	1	0	0	0	0	0	0	0	1	0	0	0	0	0	0	0	0	0	0
ASV_930	0	1	1	0	0	0	0	0	0	0	0	0	0	0	0	0	0	0	0	0
ASV_931	0	1	0	0	0	0	0	0	0	0	0	0	0	0	0	0	0	0	0	1
ASV_932	0	1	0	0	1	0	0	0	0	0	0	0	0	0	0	0	0	0	0	0
ASV_933	0	1	0	0	1	0	0	0	0	0	0	0	0	0	0	0	0	0	0	0
ASV_934	0	1	0	0	1	0	0	0	0	0	0	0	0	0	0	0	0	0	0	0
ASV_935	0	2	0	0	0	0	0	0	0	0	0	0	0	0	0	0	0	0	0	0
ASV_936	0	2	0	0	0	0	0	0	0	0	0	0	0	0	0	0	0	0	0	0
ASV_937	0	2	0	0	0	0	0	0	0	0	0	0	0	0	0	0	0	0	0	0
ASV_938	0	2	0	0	0	0	0	0	0	0	0	0	0	0	0	0	0	0	0	0
ASV_939	0	2	0	0	0	0	0	0	0	0	0	0	0	0	0	0	0	0	0	0
ASV_940	0	1	0	0	0	0	0	0	0	0	0	0	0	0	0	1	0	0	0	0
ASV_941	0	2	0	0	0	0	0	0	0	0	0	0	0	0	0	0	0	0	0	0
ASV_942	0	1	0	0	0	0	0	0	0	0	0	0	0	0	0	0	0	0	1	0
ASV_943	0	1	0	0	0	0	0	0	0	0	0	1	0	0	0	0	0	0	0	0
ASV_944	0	2	0	0	0	0	0	0	0	0	0	0	0	0	0	0	0	0	0	0
ASV_945	0	1	0	0	0	0	0	0	0	0	0	0	0	0	0	0	0	0	1	0
ASV_946	0	2	0	0	0	0	0	0	0	0	0	0	0	0	0	0	0	0	0	0
ASV_947	0	2	0	0	0	0	0	0	0	0	0	0	0	0	0	0	0	0	0	0
ASV_948	0	1	0	0	0	0	0	0	1	0	0	0	0	0	0	0	0	0	0	0
ASV_949	0	1	0	0	0	1	0	0	0	0	0	0	0	0	0	0	0	0	0	0
ASV_950	0	1	0	0	0	0	0	0	0	0	0	0	0	0	0	0	0	0	0	1
ASV_951	0	2	0	0	0	0	0	0	0	0	0	0	0	0	0	0	0	0	0	0
ASV_952	0	1	0	0	0	0	0	0	0	0	0	0	0	0	0	0	0	0	0	1
ASV_953	0	1	0	0	0	0	0	0	0	0	0	0	0	0	0	0	0	0	0	1
ASV_954	0	1	0	0	1	0	0	0	0	0	0	0	0	0	0	0	0	0	0	0
ASV_955	0	1	0	0	0	0	0	0	0	0	0	0	0	0	0	0	0	1	0	0
ASV_956	0	1	0	0	1	0	0	0	0	0	0	0	0	0	0	0	0	0	0	0
ASV_957	0	1	0	0	0	0	0	0	0	0	0	0	0	0	0	0	0	0	1	0
ASV_958	0	1	0	0	0	0	0	0	0	0	0	0	0	0	0	0	0	0	0	1
ASV_959	0	1	0	0	0	0	0	0	0	0	0	0	1	0	0	0	0	0	0	0
ASV_960	0	2	0	0	0	0	0	0	0	0	0	0	0	0	0	0	0	0	0	0
ASV_961	0	2	0	0	0	0	0	0	0	0	0	0	0	0	0	0	0	0	0	0
ASV_962	0	1	0	0	0	0	0	0	0	0	0	0	0	0	0	0	1	0	0	0
ASV_963	0	2	0	0	0	0	0	0	0	0	0	0	0	0	0	0	0	0	0	0
ASV_964	0	2	0	0	0	0	0	0	0	0	0	0	0	0	0	0	0	0	0	0
ASV_965	0	1	0	0	0	0	1	0	0	0	0	0	0	0	0	0	0	0	0	0
ASV_966	0	2	0	0	0	0	0	0	0	0	0	0	0	0	0	0	0	0	0	0
ASV_967	0	2	0	0	0	0	0	0	0	0	0	0	0	0	0	0	0	0	0	0
ASV_968	0	1	0	0	0	0	0	0	0	0	0	0	0	1	0	0	0	0	0	0
ASV_969	0	1	0	0	0	0	0	0	0	0	0	0	0	0	0	0	1	0	0	0
ASV_970	0	1	0	0	0	1	0	0	0	0	0	0	0	0	0	0	0	0	0	0
ASV_971	0	2	0	0	0	0	0	0	0	0	0	0	0	0	0	0	0	0	0	0
ASV_972	0	2	0	0	0	0	0	0	0	0	0	0	0	0	0	0	0	0	0	0
ASV_973	0	0	1	0	0	0	0	0	0	0	1	0	0	0	0	0	0	0	0	0
ASV_974	0	0	1	0	0	0	0	0	0	0	0	0	0	0	1	0	0	0	0	0
ASV_975	0	0	1	0	0	0	0	0	0	0	1	0	0	0	0	0	0	0	0	0
ASV_976	0	0	1	0	0	0	0	0	0	0	0	0	0	0	0	0	0	0	0	1
ASV_977	0	0	1	0	0	0	0	0	0	0	0	0	0	0	0	0	0	0	1	0
ASV_978	0	0	2	0	0	0	0	0	0	0	0	0	0	0	0	0	0	0	0	0
ASV_979	0	0	2	0	0	0	0	0	0	0	0	0	0	0	0	0	0	0	0	0
ASV_980	0	0	2	0	0	0	0	0	0	0	0	0	0	0	0	0	0	0	0	0
ASV_981	0	0	2	0	0	0	0	0	0	0	0	0	0	0	0	0	0	0	0	0
ASV_982	0	0	1	0	0	0	0	0	0	0	0	0	0	0	1	0	0	0	0	0
ASV_983	0	0	1	0	0	0	0	0	0	0	0	0	0	0	1	0	0	0	0	0
ASV_984	0	0	1	0	0	0	0	0	0	0	0	0	0	0	1	0	0	0	0	0
ASV_985	0	0	1	1	0	0	0	0	0	0	0	0	0	0	0	0	0	0	0	0
ASV_986	0	0	1	0	0	0	0	0	0	0	0	1	0	0	0	0	0	0	0	0
ASV_987	0	0	1	0	0	0	0	1	0	0	0	0	0	0	0	0	0	0	0	0
ASV_988	0	0	1	0	0	0	0	0	0	0	0	1	0	0	0	0	0	0	0	0
ASV_989	0	0	2	0	0	0	0	0	0	0	0	0	0	0	0	0	0	0	0	0
ASV_990	0	0	1	0	0	0	0	0	0	0	0	0	0	0	1	0	0	0	0	0
ASV_991	0	0	1	1	0	0	0	0	0	0	0	0	0	0	0	0	0	0	0	0
ASV_992	0	0	2	0	0	0	0	0	0	0	0	0	0	0	0	0	0	0	0	0
ASV_993	0	0	2	0	0	0	0	0	0	0	0	0	0	0	0	0	0	0	0	0
ASV_994	0	0	2	0	0	0	0	0	0	0	0	0	0	0	0	0	0	0	0	0
ASV_995	0	0	1	0	0	0	0	0	0	0	0	1	0	0	0	0	0	0	0	0
ASV_996	0	0	2	0	0	0	0	0	0	0	0	0	0	0	0	0	0	0	0	0
ASV_997	0	0	2	0	0	0	0	0	0	0	0	0	0	0	0	0	0	0	0	0
ASV_998	0	0	1	0	0	0	0	0	0	0	0	0	0	0	0	1	0	0	0	0
ASV_999	0	0	2	0	0	0	0	0	0	0	0	0	0	0	0	0	0	0	0	0
ASV_1000	0	0	1	1	0	0	0	0	0	0	0	0	0	0	0	0	0	0	0	0
ASV_1001	0	0	1	0	0	0	0	0	0	0	0	0	0	0	1	0	0	0	0	0
ASV_1002	0	0	1	0	0	0	0	0	0	0	0	0	0	0	1	0	0	0	0	0
ASV_1003	0	0	1	0	0	1	0	0	0	0	0	0	0	0	0	0	0	0	0	0
ASV_1004	0	0	0	1	0	0	0	0	0	0	0	0	0	0	0	1	0	0	0	0
ASV_1005	0	0	0	2	0	0	0	0	0	0	0	0	0	0	0	0	0	0	0	0
ASV_1006	0	0	0	1	0	0	0	0	0	0	1	0	0	0	0	0	0	0	0	0
ASV_1007	0	0	0	1	0	0	0	1	0	0	0	0	0	0	0	0	0	0	0	0
ASV_1008	0	0	0	1	0	0	0	1	0	0	0	0	0	0	0	0	0	0	0	0
ASV_1009	0	0	0	2	0	0	0	0	0	0	0	0	0	0	0	0	0	0	0	0
ASV_1010	0	0	0	2	0	0	0	0	0	0	0	0	0	0	0	0	0	0	0	0
ASV_1011	0	0	0	1	0	0	0	0	0	0	1	0	0	0	0	0	0	0	0	0
ASV_1012	0	0	0	1	0	0	0	0	0	0	0	0	0	0	0	0	0	0	0	1
ASV_1013	0	0	0	1	0	0	0	0	0	0	0	0	0	0	0	0	0	0	1	0
ASV_1014	0	0	0	0	1	0	0	1	0	0	0	0	0	0	0	0	0	0	0	0
ASV_1015	0	0	0	0	1	0	0	0	0	0	0	0	0	1	0	0	0	0	0	0
ASV_1016	0	0	0	0	1	0	0	0	0	1	0	0	0	0	0	0	0	0	0	0
ASV_1017	0	0	0	0	2	0	0	0	0	0	0	0	0	0	0	0	0	0	0	0
ASV_1018	0	0	0	0	1	1	0	0	0	0	0	0	0	0	0	0	0	0	0	0
ASV_1019	0	0	0	0	2	0	0	0	0	0	0	0	0	0	0	0	0	0	0	0
ASV_1020	0	0	0	0	2	0	0	0	0	0	0	0	0	0	0	0	0	0	0	0
ASV_1021	0	0	0	0	1	0	0	0	0	0	0	0	0	0	0	0	0	1	0	0
ASV_1022	0	0	0	0	1	0	0	0	0	0	1	0	0	0	0	0	0	0	0	0
ASV_1023	0	0	0	0	2	0	0	0	0	0	0	0	0	0	0	0	0	0	0	0
ASV_1024	0	0	0	0	1	0	0	0	1	0	0	0	0	0	0	0	0	0	0	0
ASV_1025	0	0	0	0	2	0	0	0	0	0	0	0	0	0	0	0	0	0	0	0
ASV_1026	0	0	0	0	1	0	0	0	0	0	0	0	0	0	0	0	0	1	0	0
ASV_1027	0	0	0	0	1	0	0	0	0	0	0	0	1	0	0	0	0	0	0	0
ASV_1028	0	0	0	0	1	0	1	0	0	0	0	0	0	0	0	0	0	0	0	0
ASV_1029	0	0	0	0	1	1	0	0	0	0	0	0	0	0	0	0	0	0	0	0
ASV_1030	0	0	0	0	1	0	0	0	0	0	0	0	0	0	0	0	0	0	0	1
ASV_1031	0	0	0	0	1	0	0	0	0	0	0	0	0	0	0	0	0	1	0	0
ASV_1032	0	0	0	0	1	0	0	0	0	0	0	0	0	0	0	0	1	0	0	0
ASV_1033	0	0	0	0	2	0	0	0	0	0	0	0	0	0	0	0	0	0	0	0
ASV_1034	0	0	0	0	1	0	0	0	0	0	0	0	1	0	0	0	0	0	0	0
ASV_1035	0	0	0	0	1	0	0	0	0	0	0	0	0	0	0	0	1	0	0	0
ASV_1036	0	0	0	0	1	0	0	0	0	0	0	0	0	1	0	0	0	0	0	0
ASV_1037	0	0	0	0	1	0	0	0	0	1	0	0	0	0	0	0	0	0	0	0
ASV_1038	0	0	0	0	0	2	0	0	0	0	0	0	0	0	0	0	0	0	0	0
ASV_1039	0	0	0	0	0	2	0	0	0	0	0	0	0	0	0	0	0	0	0	0
ASV_1040	0	0	0	0	0	2	0	0	0	0	0	0	0	0	0	0	0	0	0	0
ASV_1041	0	0	0	0	0	1	0	0	0	0	0	0	0	0	1	0	0	0	0	0
ASV_1042	0	0	0	0	0	2	0	0	0	0	0	0	0	0	0	0	0	0	0	0
ASV_1043	0	0	0	0	0	1	0	0	0	0	0	0	0	1	0	0	0	0	0	0
ASV_1044	0	0	0	0	0	1	0	0	0	0	0	0	0	0	0	0	0	1	0	0
ASV_1045	0	0	0	0	0	1	0	0	0	0	0	0	0	1	0	0	0	0	0	0
ASV_1046	0	0	0	0	0	1	0	0	0	1	0	0	0	0	0	0	0	0	0	0
ASV_1047	0	0	0	0	0	2	0	0	0	0	0	0	0	0	0	0	0	0	0	0
ASV_1048	0	0	0	0	0	2	0	0	0	0	0	0	0	0	0	0	0	0	0	0
ASV_1049	0	0	0	0	0	2	0	0	0	0	0	0	0	0	0	0	0	0	0	0
ASV_1050	0	0	0	0	0	1	0	0	0	0	0	0	1	0	0	0	0	0	0	0
ASV_1051	0	0	0	0	0	2	0	0	0	0	0	0	0	0	0	0	0	0	0	0
ASV_1052	0	0	0	0	0	2	0	0	0	0	0	0	0	0	0	0	0	0	0	0
ASV_1053	0	0	0	0	0	2	0	0	0	0	0	0	0	0	0	0	0	0	0	0
ASV_1054	0	0	0	0	0	1	0	0	0	1	0	0	0	0	0	0	0	0	0	0
ASV_1055	0	0	0	0	0	1	0	0	0	0	1	0	0	0	0	0	0	0	0	0
ASV_1056	0	0	0	0	0	1	0	0	0	0	0	0	1	0	0	0	0	0	0	0
ASV_1057	0	0	0	0	0	2	0	0	0	0	0	0	0	0	0	0	0	0	0	0
ASV_1058	0	0	0	0	0	2	0	0	0	0	0	0	0	0	0	0	0	0	0	0
ASV_1059	0	0	0	0	0	1	0	0	0	0	0	0	0	0	0	0	1	0	0	0
ASV_1060	0	0	0	0	0	2	0	0	0	0	0	0	0	0	0	0	0	0	0	0
ASV_1061	0	0	0	0	0	1	0	0	0	0	0	0	0	0	0	0	1	0	0	0
ASV_1062	0	0	0	0	0	1	0	0	0	1	0	0	0	0	0	0	0	0	0	0
ASV_1063	0	0	0	0	0	1	0	0	0	0	0	0	0	0	0	1	0	0	0	0
ASV_1064	0	0	0	0	0	1	0	0	0	0	0	0	0	0	0	0	0	1	0	0
ASV_1065	0	0	0	0	0	1	0	0	0	1	0	0	0	0	0	0	0	0	0	0
ASV_1066	0	0	0	0	0	1	0	0	0	0	1	0	0	0	0	0	0	0	0	0
ASV_1067	0	0	0	0	0	0	2	0	0	0	0	0	0	0	0	0	0	0	0	0
ASV_1068	0	0	0	0	0	0	1	0	0	0	0	0	0	0	0	1	0	0	0	0
ASV_1069	0	0	0	0	0	0	1	0	0	0	1	0	0	0	0	0	0	0	0	0
ASV_1070	0	0	0	0	0	0	2	0	0	0	0	0	0	0	0	0	0	0	0	0
ASV_1071	0	0	0	0	0	0	2	0	0	0	0	0	0	0	0	0	0	0	0	0
ASV_1072	0	0	0	0	0	0	2	0	0	0	0	0	0	0	0	0	0	0	0	0
ASV_1073	0	0	0	0	0	0	1	1	0	0	0	0	0	0	0	0	0	0	0	0
ASV_1074	0	0	0	0	0	0	1	0	0	0	1	0	0	0	0	0	0	0	0	0
ASV_1075	0	0	0	0	0	0	2	0	0	0	0	0	0	0	0	0	0	0	0	0
ASV_1076	0	0	0	0	0	0	2	0	0	0	0	0	0	0	0	0	0	0	0	0
ASV_1077	0	0	0	0	0	0	2	0	0	0	0	0	0	0	0	0	0	0	0	0
ASV_1078	0	0	0	0	0	0	2	0	0	0	0	0	0	0	0	0	0	0	0	0
ASV_1079	0	0	0	0	0	0	2	0	0	0	0	0	0	0	0	0	0	0	0	0
ASV_1080	0	0	0	0	0	0	2	0	0	0	0	0	0	0	0	0	0	0	0	0
ASV_1081	0	0	0	0	0	0	1	0	0	0	0	0	0	0	1	0	0	0	0	0
ASV_1082	0	0	0	0	0	0	2	0	0	0	0	0	0	0	0	0	0	0	0	0
ASV_1083	0	0	0	0	0	0	1	0	0	0	0	0	0	0	1	0	0	0	0	0
ASV_1084	0	0	0	0	0	0	1	0	0	0	0	0	0	0	0	1	0	0	0	0
ASV_1085	0	0	0	0	0	0	1	0	0	0	0	0	0	0	1	0	0	0	0	0
ASV_1086	0	0	0	0	0	0	2	0	0	0	0	0	0	0	0	0	0	0	0	0
ASV_1087	0	0	0	0	0	0	2	0	0	0	0	0	0	0	0	0	0	0	0	0
ASV_1088	0	0	0	0	0	0	1	0	0	0	0	0	0	0	0	0	1	0	0	0
ASV_1089	0	0	0	0	0	0	2	0	0	0	0	0	0	0	0	0	0	0	0	0
ASV_1090	0	0	0	0	0	0	0	1	0	0	0	1	0	0	0	0	0	0	0	0
ASV_1091	0	0	0	0	0	0	0	2	0	0	0	0	0	0	0	0	0	0	0	0
ASV_1092	0	0	0	0	0	0	0	1	0	0	0	0	0	0	0	0	0	0	0	1
ASV_1093	0	0	0	0	0	0	0	2	0	0	0	0	0	0	0	0	0	0	0	0
ASV_1094	0	0	0	0	0	0	0	2	0	0	0	0	0	0	0	0	0	0	0	0
ASV_1095	0	0	0	0	0	0	0	1	0	0	0	0	0	0	0	0	1	0	0	0
ASV_1096	0	0	0	0	0	0	0	1	0	0	1	0	0	0	0	0	0	0	0	0
ASV_1097	0	0	0	0	0	0	0	1	0	0	1	0	0	0	0	0	0	0	0	0
ASV_1098	0	0	0	0	0	0	0	2	0	0	0	0	0	0	0	0	0	0	0	0
ASV_1099	0	0	0	0	0	0	0	2	0	0	0	0	0	0	0	0	0	0	0	0
ASV_1100	0	0	0	0	0	0	0	2	0	0	0	0	0	0	0	0	0	0	0	0
ASV_1101	0	0	0	0	0	0	0	1	0	0	0	1	0	0	0	0	0	0	0	0
ASV_1102	0	0	0	0	0	0	0	2	0	0	0	0	0	0	0	0	0	0	0	0
ASV_1103	0	0	0	0	0	0	0	1	0	0	0	0	0	0	0	0	0	0	0	1
ASV_1104	0	0	0	0	0	0	0	2	0	0	0	0	0	0	0	0	0	0	0	0
ASV_1105	0	0	0	0	0	0	0	1	0	0	1	0	0	0	0	0	0	0	0	0
ASV_1106	0	0	0	0	0	0	0	0	1	0	1	0	0	0	0	0	0	0	0	0
ASV_1107	0	0	0	0	0	0	0	0	1	0	0	0	0	0	0	0	0	0	0	1
ASV_1108	0	0	0	0	0	0	0	0	2	0	0	0	0	0	0	0	0	0	0	0
ASV_1109	0	0	0	0	0	0	0	0	1	0	0	0	0	0	0	0	1	0	0	0
ASV_1110	0	0	0	0	0	0	0	0	2	0	0	0	0	0	0	0	0	0	0	0
ASV_1111	0	0	0	0	0	0	0	0	2	0	0	0	0	0	0	0	0	0	0	0
ASV_1112	0	0	0	0	0	0	0	0	1	0	0	0	0	1	0	0	0	0	0	0
ASV_1113	0	0	0	0	0	0	0	0	1	1	0	0	0	0	0	0	0	0	0	0
ASV_1114	0	0	0	0	0	0	0	0	2	0	0	0	0	0	0	0	0	0	0	0
ASV_1115	0	0	0	0	0	0	0	0	2	0	0	0	0	0	0	0	0	0	0	0
ASV_1116	0	0	0	0	0	0	0	0	1	1	0	0	0	0	0	0	0	0	0	0
ASV_1117	0	0	0	0	0	0	0	0	1	1	0	0	0	0	0	0	0	0	0	0
ASV_1118	0	0	0	0	0	0	0	0	1	1	0	0	0	0	0	0	0	0	0	0
ASV_1119	0	0	0	0	0	0	0	0	1	0	1	0	0	0	0	0	0	0	0	0
ASV_1120	0	0	0	0	0	0	0	0	1	0	0	0	0	0	0	0	0	1	0	0
ASV_1121	0	0	0	0	0	0	0	0	1	0	0	0	0	0	0	0	1	0	0	0
ASV_1122	0	0	0	0	0	0	0	0	2	0	0	0	0	0	0	0	0	0	0	0
ASV_1123	0	0	0	0	0	0	0	0	2	0	0	0	0	0	0	0	0	0	0	0
ASV_1124	0	0	0	0	0	0	0	0	1	1	0	0	0	0	0	0	0	0	0	0
ASV_1125	0	0	0	0	0	0	0	0	2	0	0	0	0	0	0	0	0	0	0	0
ASV_1126	0	0	0	0	0	0	0	0	2	0	0	0	0	0	0	0	0	0	0	0
ASV_1127	0	0	0	0	0	0	0	0	1	1	0	0	0	0	0	0	0	0	0	0
ASV_1128	0	0	0	0	0	0	0	0	1	0	0	0	0	0	0	0	1	0	0	0
ASV_1129	0	0	0	0	0	0	0	0	1	1	0	0	0	0	0	0	0	0	0	0
ASV_1130	0	0	0	0	0	0	0	0	0	1	0	0	0	1	0	0	0	0	0	0
ASV_1131	0	0	0	0	0	0	0	0	0	1	0	0	0	0	0	0	0	0	1	0
ASV_1132	0	0	0	0	0	0	0	0	0	2	0	0	0	0	0	0	0	0	0	0
ASV_1133	0	0	0	0	0	0	0	0	0	1	0	0	0	1	0	0	0	0	0	0
ASV_1134	0	0	0	0	0	0	0	0	0	1	0	0	1	0	0	0	0	0	0	0
ASV_1135	0	0	0	0	0	0	0	0	0	2	0	0	0	0	0	0	0	0	0	0
ASV_1136	0	0	0	0	0	0	0	0	0	1	0	0	1	0	0	0	0	0	0	0
ASV_1137	0	0	0	0	0	0	0	0	0	2	0	0	0	0	0	0	0	0	0	0
ASV_1138	0	0	0	0	0	0	0	0	0	1	0	1	0	0	0	0	0	0	0	0
ASV_1139	0	0	0	0	0	0	0	0	0	1	0	0	0	0	0	0	0	0	1	0
ASV_1140	0	0	0	0	0	0	0	0	0	2	0	0	0	0	0	0	0	0	0	0
ASV_1141	0	0	0	0	0	0	0	0	0	1	0	0	1	0	0	0	0	0	0	0
ASV_1142	0	0	0	0	0	0	0	0	0	1	0	0	1	0	0	0	0	0	0	0
ASV_1143	0	0	0	0	0	0	0	0	0	2	0	0	0	0	0	0	0	0	0	0
ASV_1144	0	0	0	0	0	0	0	0	0	1	0	0	1	0	0	0	0	0	0	0
ASV_1145	0	0	0	0	0	0	0	0	0	1	0	0	0	1	0	0	0	0	0	0
ASV_1146	0	0	0	0	0	0	0	0	0	1	0	0	0	1	0	0	0	0	0	0
ASV_1147	0	0	0	0	0	0	0	0	0	2	0	0	0	0	0	0	0	0	0	0
ASV_1148	0	0	0	0	0	0	0	0	0	1	0	0	0	1	0	0	0	0	0	0
ASV_1149	0	0	0	0	0	0	0	0	0	1	0	0	0	0	1	0	0	0	0	0
ASV_1150	0	0	0	0	0	0	0	0	0	1	0	0	1	0	0	0	0	0	0	0
ASV_1151	0	0	0	0	0	0	0	0	0	2	0	0	0	0	0	0	0	0	0	0
ASV_1152	0	0	0	0	0	0	0	0	0	2	0	0	0	0	0	0	0	0	0	0
ASV_1153	0	0	0	0	0	0	0	0	0	0	2	0	0	0	0	0	0	0	0	0
ASV_1154	0	0	0	0	0	0	0	0	0	0	1	1	0	0	0	0	0	0	0	0
ASV_1155	0	0	0	0	0	0	0	0	0	0	2	0	0	0	0	0	0	0	0	0
ASV_1156	0	0	0	0	0	0	0	0	0	0	2	0	0	0	0	0	0	0	0	0
ASV_1157	0	0	0	0	0	0	0	0	0	0	2	0	0	0	0	0	0	0	0	0
ASV_1158	0	0	0	0	0	0	0	0	0	0	1	0	0	0	0	0	0	0	0	1
ASV_1159	0	0	0	0	0	0	0	0	0	0	2	0	0	0	0	0	0	0	0	0
ASV_1160	0	0	0	0	0	0	0	0	0	0	2	0	0	0	0	0	0	0	0	0
ASV_1161	0	0	0	0	0	0	0	0	0	0	2	0	0	0	0	0	0	0	0	0
ASV_1162	0	0	0	0	0	0	0	0	0	0	2	0	0	0	0	0	0	0	0	0
ASV_1163	0	0	0	0	0	0	0	0	0	0	2	0	0	0	0	0	0	0	0	0
ASV_1164	0	0	0	0	0	0	0	0	0	0	1	0	0	0	1	0	0	0	0	0
ASV_1165	0	0	0	0	0	0	0	0	0	0	2	0	0	0	0	0	0	0	0	0
ASV_1166	0	0	0	0	0	0	0	0	0	0	1	0	0	0	0	1	0	0	0	0
ASV_1167	0	0	0	0	0	0	0	0	0	0	1	0	0	0	1	0	0	0	0	0
ASV_1168	0	0	0	0	0	0	0	0	0	0	1	0	0	0	1	0	0	0	0	0
ASV_1169	0	0	0	0	0	0	0	0	0	0	2	0	0	0	0	0	0	0	0	0
ASV_1170	0	0	0	0	0	0	0	0	0	0	2	0	0	0	0	0	0	0	0	0
ASV_1171	0	0	0	0	0	0	0	0	0	0	2	0	0	0	0	0	0	0	0	0
ASV_1172	0	0	0	0	0	0	0	0	0	0	2	0	0	0	0	0	0	0	0	0
ASV_1173	0	0	0	0	0	0	0	0	0	0	2	0	0	0	0	0	0	0	0	0
ASV_1174	0	0	0	0	0	0	0	0	0	0	0	1	0	0	1	0	0	0	0	0
ASV_1175	0	0	0	0	0	0	0	0	0	0	0	1	0	0	0	0	0	0	1	0
ASV_1176	0	0	0	0	0	0	0	0	0	0	0	1	0	0	0	1	0	0	0	0
ASV_1177	0	0	0	0	0	0	0	0	0	0	0	2	0	0	0	0	0	0	0	0
ASV_1178	0	0	0	0	0	0	0	0	0	0	0	2	0	0	0	0	0	0	0	0
ASV_1179	0	0	0	0	0	0	0	0	0	0	0	2	0	0	0	0	0	0	0	0
ASV_1180	0	0	0	0	0	0	0	0	0	0	0	2	0	0	0	0	0	0	0	0
ASV_1181	0	0	0	0	0	0	0	0	0	0	0	2	0	0	0	0	0	0	0	0
ASV_1182	0	0	0	0	0	0	0	0	0	0	0	2	0	0	0	0	0	0	0	0
ASV_1183	0	0	0	0	0	0	0	0	0	0	0	2	0	0	0	0	0	0	0	0
ASV_1184	0	0	0	0	0	0	0	0	0	0	0	2	0	0	0	0	0	0	0	0
ASV_1185	0	0	0	0	0	0	0	0	0	0	0	1	0	0	0	1	0	0	0	0
ASV_1186	0	0	0	0	0	0	0	0	0	0	0	2	0	0	0	0	0	0	0	0
ASV_1187	0	0	0	0	0	0	0	0	0	0	0	2	0	0	0	0	0	0	0	0
ASV_1188	0	0	0	0	0	0	0	0	0	0	0	1	0	0	1	0	0	0	0	0
ASV_1189	0	0	0	0	0	0	0	0	0	0	0	2	0	0	0	0	0	0	0	0
ASV_1190	0	0	0	0	0	0	0	0	0	0	0	2	0	0	0	0	0	0	0	0
ASV_1191	0	0	0	0	0	0	0	0	0	0	0	2	0	0	0	0	0	0	0	0
ASV_1192	0	0	0	0	0	0	0	0	0	0	0	1	0	0	0	1	0	0	0	0
ASV_1193	0	0	0	0	0	0	0	0	0	0	0	1	0	1	0	0	0	0	0	0
ASV_1194	0	0	0	0	0	0	0	0	0	0	0	2	0	0	0	0	0	0	0	0
ASV_1195	0	0	0	0	0	0	0	0	0	0	0	0	1	0	0	0	1	0	0	0
ASV_1196	0	0	0	0	0	0	0	0	0	0	0	0	1	0	0	0	1	0	0	0
ASV_1197	0	0	0	0	0	0	0	0	0	0	0	0	2	0	0	0	0	0	0	0
ASV_1198	0	0	0	0	0	0	0	0	0	0	0	0	2	0	0	0	0	0	0	0
ASV_1199	0	0	0	0	0	0	0	0	0	0	0	0	2	0	0	0	0	0	0	0
ASV_1200	0	0	0	0	0	0	0	0	0	0	0	0	1	1	0	0	0	0	0	0
ASV_1201	0	0	0	0	0	0	0	0	0	0	0	0	1	0	0	0	0	0	0	1
ASV_1202	0	0	0	0	0	0	0	0	0	0	0	0	2	0	0	0	0	0	0	0
ASV_1203	0	0	0	0	0	0	0	0	0	0	0	0	2	0	0	0	0	0	0	0
ASV_1204	0	0	0	0	0	0	0	0	0	0	0	0	1	0	0	0	0	0	0	1
ASV_1205	0	0	0	0	0	0	0	0	0	0	0	0	2	0	0	0	0	0	0	0
ASV_1206	0	0	0	0	0	0	0	0	0	0	0	0	1	1	0	0	0	0	0	0
ASV_1207	0	0	0	0	0	0	0	0	0	0	0	0	2	0	0	0	0	0	0	0
ASV_1208	0	0	0	0	0	0	0	0	0	0	0	0	2	0	0	0	0	0	0	0
ASV_1209	0	0	0	0	0	0	0	0	0	0	0	0	2	0	0	0	0	0	0	0
ASV_1210	0	0	0	0	0	0	0	0	0	0	0	0	1	1	0	0	0	0	0	0
ASV_1211	0	0	0	0	0	0	0	0	0	0	0	0	1	0	0	0	0	0	1	0
ASV_1212	0	0	0	0	0	0	0	0	0	0	0	0	1	1	0	0	0	0	0	0
ASV_1213	0	0	0	0	0	0	0	0	0	0	0	0	1	1	0	0	0	0	0	0
ASV_1214	0	0	0	0	0	0	0	0	0	0	0	0	1	1	0	0	0	0	0	0
ASV_1215	0	0	0	0	0	0	0	0	0	0	0	0	2	0	0	0	0	0	0	0
ASV_1216	0	0	0	0	0	0	0	0	0	0	0	0	1	0	0	0	0	1	0	0
ASV_1217	0	0	0	0	0	0	0	0	0	0	0	0	2	0	0	0	0	0	0	0
ASV_1218	0	0	0	0	0	0	0	0	0	0	0	0	2	0	0	0	0	0	0	0
ASV_1219	0	0	0	0	0	0	0	0	0	0	0	0	1	0	0	0	0	0	1	0
ASV_1220	0	0	0	0	0	0	0	0	0	0	0	0	2	0	0	0	0	0	0	0
ASV_1221	0	0	0	0	0	0	0	0	0	0	0	0	0	2	0	0	0	0	0	0
ASV_1222	0	0	0	0	0	0	0	0	0	0	0	0	0	1	0	0	0	0	0	1
ASV_1223	0	0	0	0	0	0	0	0	0	0	0	0	0	2	0	0	0	0	0	0
ASV_1224	0	0	0	0	0	0	0	0	0	0	0	0	0	1	0	0	0	1	0	0
ASV_1225	0	0	0	0	0	0	0	0	0	0	0	0	0	1	0	0	0	0	1	0
ASV_1226	0	0	0	0	0	0	0	0	0	0	0	0	0	2	0	0	0	0	0	0
ASV_1227	0	0	0	0	0	0	0	0	0	0	0	0	0	2	0	0	0	0	0	0
ASV_1228	0	0	0	0	0	0	0	0	0	0	0	0	0	2	0	0	0	0	0	0
ASV_1229	0	0	0	0	0	0	0	0	0	0	0	0	0	2	0	0	0	0	0	0
ASV_1230	0	0	0	0	0	0	0	0	0	0	0	0	0	2	0	0	0	0	0	0
ASV_1231	0	0	0	0	0	0	0	0	0	0	0	0	0	2	0	0	0	0	0	0
ASV_1232	0	0	0	0	0	0	0	0	0	0	0	0	0	0	2	0	0	0	0	0
ASV_1233	0	0	0	0	0	0	0	0	0	0	0	0	0	0	2	0	0	0	0	0
ASV_1234	0	0	0	0	0	0	0	0	0	0	0	0	0	0	2	0	0	0	0	0
ASV_1235	0	0	0	0	0	0	0	0	0	0	0	0	0	0	2	0	0	0	0	0
ASV_1236	0	0	0	0	0	0	0	0	0	0	0	0	0	0	2	0	0	0	0	0
ASV_1237	0	0	0	0	0	0	0	0	0	0	0	0	0	0	1	1	0	0	0	0
ASV_1238	0	0	0	0	0	0	0	0	0	0	0	0	0	0	2	0	0	0	0	0
ASV_1239	0	0	0	0	0	0	0	0	0	0	0	0	0	0	2	0	0	0	0	0
ASV_1240	0	0	0	0	0	0	0	0	0	0	0	0	0	0	2	0	0	0	0	0
ASV_1241	0	0	0	0	0	0	0	0	0	0	0	0	0	0	2	0	0	0	0	0
ASV_1242	0	0	0	0	0	0	0	0	0	0	0	0	0	0	2	0	0	0	0	0
ASV_1243	0	0	0	0	0	0	0	0	0	0	0	0	0	0	1	0	0	0	0	1
ASV_1244	0	0	0	0	0	0	0	0	0	0	0	0	0	0	2	0	0	0	0	0
ASV_1245	0	0	0	0	0	0	0	0	0	0	0	0	0	0	2	0	0	0	0	0
ASV_1246	0	0	0	0	0	0	0	0	0	0	0	0	0	0	2	0	0	0	0	0
ASV_1247	0	0	0	0	0	0	0	0	0	0	0	0	0	0	1	0	0	0	1	0
ASV_1248	0	0	0	0	0	0	0	0	0	0	0	0	0	0	2	0	0	0	0	0
ASV_1249	0	0	0	0	0	0	0	0	0	0	0	0	0	0	2	0	0	0	0	0
ASV_1250	0	0	0	0	0	0	0	0	0	0	0	0	0	0	2	0	0	0	0	0
ASV_1251	0	0	0	0	0	0	0	0	0	0	0	0	0	0	1	0	0	0	0	1
ASV_1252	0	0	0	0	0	0	0	0	0	0	0	0	0	0	2	0	0	0	0	0
ASV_1253	0	0	0	0	0	0	0	0	0	0	0	0	0	0	2	0	0	0	0	0
ASV_1254	0	0	0	0	0	0	0	0	0	0	0	0	0	0	2	0	0	0	0	0
ASV_1255	0	0	0	0	0	0	0	0	0	0	0	0	0	0	2	0	0	0	0	0
ASV_1256	0	0	0	0	0	0	0	0	0	0	0	0	0	0	2	0	0	0	0	0
ASV_1257	0	0	0	0	0	0	0	0	0	0	0	0	0	0	1	0	0	0	0	1
ASV_1258	0	0	0	0	0	0	0	0	0	0	0	0	0	0	2	0	0	0	0	0
ASV_1259	0	0	0	0	0	0	0	0	0	0	0	0	0	0	2	0	0	0	0	0
ASV_1260	0	0	0	0	0	0	0	0	0	0	0	0	0	0	2	0	0	0	0	0
ASV_1261	0	0	0	0	0	0	0	0	0	0	0	0	0	0	2	0	0	0	0	0
ASV_1262	0	0	0	0	0	0	0	0	0	0	0	0	0	0	2	0	0	0	0	0
ASV_1263	0	0	0	0	0	0	0	0	0	0	0	0	0	0	2	0	0	0	0	0
ASV_1264	0	0	0	0	0	0	0	0	0	0	0	0	0	0	2	0	0	0	0	0
ASV_1265	0	0	0	0	0	0	0	0	0	0	0	0	0	0	2	0	0	0	0	0
ASV_1266	0	0	0	0	0	0	0	0	0	0	0	0	0	0	0	2	0	0	0	0
ASV_1267	0	0	0	0	0	0	0	0	0	0	0	0	0	0	0	2	0	0	0	0
ASV_1268	0	0	0	0	0	0	0	0	0	0	0	0	0	0	0	1	0	0	0	1
ASV_1269	0	0	0	0	0	0	0	0	0	0	0	0	0	0	0	1	0	0	0	1
ASV_1270	0	0	0	0	0	0	0	0	0	0	0	0	0	0	0	2	0	0	0	0
ASV_1271	0	0	0	0	0	0	0	0	0	0	0	0	0	0	0	2	0	0	0	0
ASV_1272	0	0	0	0	0	0	0	0	0	0	0	0	0	0	0	2	0	0	0	0
ASV_1273	0	0	0	0	0	0	0	0	0	0	0	0	0	0	0	2	0	0	0	0
ASV_1274	0	0	0	0	0	0	0	0	0	0	0	0	0	0	0	2	0	0	0	0
ASV_1275	0	0	0	0	0	0	0	0	0	0	0	0	0	0	0	2	0	0	0	0
ASV_1276	0	0	0	0	0	0	0	0	0	0	0	0	0	0	0	2	0	0	0	0
ASV_1277	0	0	0	0	0	0	0	0	0	0	0	0	0	0	0	1	0	0	0	1
ASV_1278	0	0	0	0	0	0	0	0	0	0	0	0	0	0	0	2	0	0	0	0
ASV_1279	0	0	0	0	0	0	0	0	0	0	0	0	0	0	0	2	0	0	0	0
ASV_1280	0	0	0	0	0	0	0	0	0	0	0	0	0	0	0	2	0	0	0	0
ASV_1281	0	0	0	0	0	0	0	0	0	0	0	0	0	0	0	2	0	0	0	0
ASV_1282	0	0	0	0	0	0	0	0	0	0	0	0	0	0	0	2	0	0	0	0
ASV_1283	0	0	0	0	0	0	0	0	0	0	0	0	0	0	0	2	0	0	0	0
ASV_1284	0	0	0	0	0	0	0	0	0	0	0	0	0	0	0	0	1	0	0	1
ASV_1285	0	0	0	0	0	0	0	0	0	0	0	0	0	0	0	0	2	0	0	0
ASV_1286	0	0	0	0	0	0	0	0	0	0	0	0	0	0	0	0	2	0	0	0
ASV_1287	0	0	0	0	0	0	0	0	0	0	0	0	0	0	0	0	2	0	0	0
ASV_1288	0	0	0	0	0	0	0	0	0	0	0	0	0	0	0	0	1	1	0	0
ASV_1289	0	0	0	0	0	0	0	0	0	0	0	0	0	0	0	0	2	0	0	0
ASV_1290	0	0	0	0	0	0	0	0	0	0	0	0	0	0	0	0	2	0	0	0
ASV_1291	0	0	0	0	0	0	0	0	0	0	0	0	0	0	0	0	2	0	0	0
ASV_1292	0	0	0	0	0	0	0	0	0	0	0	0	0	0	0	0	1	0	0	1
ASV_1293	0	0	0	0	0	0	0	0	0	0	0	0	0	0	0	0	2	0	0	0
ASV_1294	0	0	0	0	0	0	0	0	0	0	0	0	0	0	0	0	1	1	0	0
ASV_1295	0	0	0	0	0	0	0	0	0	0	0	0	0	0	0	0	2	0	0	0
ASV_1296	0	0	0	0	0	0	0	0	0	0	0	0	0	0	0	0	2	0	0	0
ASV_1297	0	0	0	0	0	0	0	0	0	0	0	0	0	0	0	0	1	0	1	0
ASV_1298	0	0	0	0	0	0	0	0	0	0	0	0	0	0	0	0	2	0	0	0
ASV_1299	0	0	0	0	0	0	0	0	0	0	0	0	0	0	0	0	2	0	0	0
ASV_1300	0	0	0	0	0	0	0	0	0	0	0	0	0	0	0	0	2	0	0	0
ASV_1301	0	0	0	0	0	0	0	0	0	0	0	0	0	0	0	0	1	0	1	0
ASV_1302	0	0	0	0	0	0	0	0	0	0	0	0	0	0	0	0	0	2	0	0
ASV_1303	0	0	0	0	0	0	0	0	0	0	0	0	0	0	0	0	0	2	0	0
ASV_1304	0	0	0	0	0	0	0	0	0	0	0	0	0	0	0	0	0	2	0	0
ASV_1305	0	0	0	0	0	0	0	0	0	0	0	0	0	0	0	0	0	2	0	0
ASV_1306	0	0	0	0	0	0	0	0	0	0	0	0	0	0	0	0	0	2	0	0
ASV_1307	0	0	0	0	0	0	0	0	0	0	0	0	0	0	0	0	0	2	0	0
ASV_1308	0	0	0	0	0	0	0	0	0	0	0	0	0	0	0	0	0	2	0	0
ASV_1309	0	0	0	0	0	0	0	0	0	0	0	0	0	0	0	0	0	2	0	0
ASV_1310	0	0	0	0	0	0	0	0	0	0	0	0	0	0	0	0	0	1	0	1
ASV_1311	0	0	0	0	0	0	0	0	0	0	0	0	0	0	0	0	0	2	0	0
ASV_1312	0	0	0	0	0	0	0	0	0	0	0	0	0	0	0	0	0	2	0	0
ASV_1313	0	0	0	0	0	0	0	0	0	0	0	0	0	0	0	0	0	2	0	0
ASV_1314	0	0	0	0	0	0	0	0	0	0	0	0	0	0	0	0	0	2	0	0
ASV_1315	0	0	0	0	0	0	0	0	0	0	0	0	0	0	0	0	0	2	0	0
ASV_1316	0	0	0	0	0	0	0	0	0	0	0	0	0	0	0	0	0	0	2	0
ASV_1317	0	0	0	0	0	0	0	0	0	0	0	0	0	0	0	0	0	0	2	0
ASV_1318	0	0	0	0	0	0	0	0	0	0	0	0	0	0	0	0	0	0	2	0
ASV_1319	0	0	0	0	0	0	0	0	0	0	0	0	0	0	0	0	0	0	2	0
ASV_1320	0	0	0	0	0	0	0	0	0	0	0	0	0	0	0	0	0	0	2	0
ASV_1321	0	0	0	0	0	0	0	0	0	0	0	0	0	0	0	0	0	0	2	0
ASV_1322	0	0	0	0	0	0	0	0	0	0	0	0	0	0	0	0	0	0	2	0
ASV_1323	0	0	0	0	0	0	0	0	0	0	0	0	0	0	0	0	0	0	2	0
ASV_1324	0	0	0	0	0	0	0	0	0	0	0	0	0	0	0	0	0	0	2	0
ASV_1325	0	0	0	0	0	0	0	0	0	0	0	0	0	0	0	0	0	0	2	0
ASV_1326	0	0	0	0	0	0	0	0	0	0	0	0	0	0	0	0	0	0	2	0
ASV_1327	0	0	0	0	0	0	0	0	0	0	0	0	0	0	0	0	0	0	2	0
ASV_1328	0	0	0	0	0	0	0	0	0	0	0	0	0	0	0	0	0	0	2	0
ASV_1329	0	0	0	0	0	0	0	0	0	0	0	0	0	0	0	0	0	0	2	0
ASV_1330	0	0	0	0	0	0	0	0	0	0	0	0	0	0	0	0	0	0	0	2
ASV_1331	0	0	0	0	0	0	0	0	0	0	0	0	0	0	0	0	0	0	0	2
ASV_1332	0	0	0	0	0	0	0	0	0	0	0	0	0	0	0	0	0	0	0	2
ASV_1333	0	0	0	0	0	0	0	0	0	0	0	0	0	0	0	0	0	0	0	2
ASV_1334	0	0	0	0	0	0	0	0	0	0	0	0	0	0	0	0	0	0	0	2
ASV_1335	0	0	0	0	0	0	0	0	0	0	0	0	0	0	0	0	0	0	0	2
ASV_1336	0	0	0	0	0	0	0	0	0	0	0	0	0	0	0	0	0	0	0	2
