ASV,Dry_F_1,Dry_F_2,Dry_F_3,Dry_F_4,Dry_F_5,Dry_N_1,Dry_N_2,Dry_N_3,Dry_N_4,Dry_N_5,Wet_F_1,Wet_F_2,Wet_F_3,Wet_F_4,Wet_F_5,Wet_N_1,Wet_N_2,Wet_N_3,Wet_N_4,Wet_N_5
ASV_0001,124,72,127,252,29,455,158,173,186,31,22,25,54,23,35,24,9,36,3,63
ASV_0002,150,195,139,114,189,358,142,201,40,141,0,5,1,3,0,0,9,16,36,0
ASV_0003,37,38,50,12,28,16,0,64,1,3,1,406,144,97,15,37,356,64,0,13
ASV_0004,242,30,73,103,240,91,37,43,22,59,7,10,2,5,17,2,0,2,6,31
ASV_0005,143,43,23,28,26,80,86,53,23,42,61,26,102,41,1,42,37,26,12,13
ASV_0006,170,73,29,86,65,168,68,32,72,36,0,0,1,1,11,0,0,3,3,8
ASV_0007,49,31,44,35,22,318,28,62,72,23,10,17,16,22,14,2,3,4,1,34
ASV_0008,30,79,42,11,201,47,120,20,2,81,0,0,17,0,1,0,0,0,0,0
ASV_0009,9,15,13,8,11,33,29,12,12,19,78,27,56,53,23,24,47,40,75,24
ASV_0010,1,0,0,100,16,1,0,0,43,29,173,0,15,0,45,32,0,0,0,0
ASV_0011,0,0,0,0,6,0,1,1,0,0,107,34,181,12,17,9,35,0,0,0
ASV_0012,1,0,0,1,0,1,0,0,0,0,34,13,53,82,0,108,102,8,0,0
ASV_0013,0,0,0,0,1,0,0,0,2,0,52,19,68,54,0,82,61,55,0,0
ASV_0014,0,0,0,0,1,0,1,0,0,0,36,20,202,7,0,51,49,24,0,0
ASV_0015,1,3,0,0,1,1,1,0,0,1,5,3,58,51,101,87,31,7,0,13
ASV_0016,4,0,2,17,2,0,0,10,39,1,7,12,32,70,53,13,22,0,31,6
ASV_0017,1,0,0,0,6,0,0,1,0,0,2,8,1,8,35,1,236,0,3,12
ASV_0018,55,2,0,8,13,17,4,1,42,6,0,1,1,5,3,0,0,0,0,145
ASV_0019,2,0,0,0,0,0,1,0,0,0,0,0,0,0,0,264,0,6,0,1
ASV_0020,1,16,6,8,2,6,23,27,0,3,16,9,8,23,12,0,11,43,1,33
ASV_0021,42,13,11,41,5,51,0,16,22,15,0,0,0,12,0,0,9,0,0,0
ASV_0022,22,0,0,2,147,18,0,1,9,15,1,6,3,2,1,0,0,1,0,5
ASV_0023,1,3,4,1,0,6,5,3,1,7,78,14,11,35,10,3,7,27,1,3
ASV_0024,47,26,1,34,2,35,25,0,28,16,0,0,0,0,0,0,0,0,0,0
ASV_0025,185,0,9,4,0,0,6,0,0,6,1,0,0,0,0,0,0,0,0,0
ASV_0026,19,16,2,7,5,56,4,0,2,1,8,6,17,17,1,8,4,20,8,4
ASV_0027,5,12,2,0,0,14,86,21,1,1,1,0,32,0,3,4,0,2,1,19
ASV_0028,3,3,35,31,20,2,66,6,17,0,0,0,2,1,5,0,1,0,0,9
ASV_0029,0,1,0,0,0,0,0,0,0,0,32,2,26,13,0,95,28,1,0,0
ASV_0030,0,0,13,0,24,0,17,7,19,9,0,3,59,0,7,0,32,7,0,0
ASV_0031,15,2,0,4,1,18,3,0,0,0,12,14,21,35,6,18,12,20,1,10
ASV_0032,1,0,0,190,0,0,0,0,0,0,0,0,0,0,0,0,0,0,0,0
ASV_0033,3,6,54,25,5,6,16,47,12,16,0,0,0,0,0,0,0,0,0,0
ASV_0034,22,0,0,21,0,0,3,2,5,0,0,8,27,61,4,3,0,29,0,3
ASV_0035,0,0,0,0,0,2,0,1,1,0,30,4,11,1,0,1,1,39,94,2
ASV_0036,0,0,0,0,0,0,0,0,0,0,0,5,114,62,0,0,0,5,0,0
ASV_0037,1,84,36,11,0,12,2,15,7,10,0,0,0,0,0,0,0,0,0,0
ASV_0038,0,0,1,0,3,0,0,0,0,0,0,168,0,0,0,0,0,0,0,0
ASV_0039,0,1,0,1,0,0,0,0,0,0,0,0,0,0,164,0,0,0,0,2
ASV_0040,0,0,22,24,0,0,43,58,18,0,0,0,0,0,0,0,0,0,0,0
ASV_0041,0,6,3,7,0,7,3,5,1,1,13,13,24,17,9,4,4,22,22,2
ASV_0042,1,0,0,3,0,5,6,0,0,0,3,46,27,4,13,9,6,13,19,8
ASV_0043,0,0,0,0,0,0,1,0,0,0,1,25,0,0,66,26,0,0,0,44
ASV_0044,6,0,0,0,0,10,2,1,0,0,0,0,0,5,1,127,0,4,0,6
ASV_0045,44,22,2,6,0,22,26,8,9,0,0,0,0,0,9,2,0,0,5,2
ASV_0046,50,2,0,14,4,2,2,1,8,1,7,0,13,10,5,8,0,23,3,0
ASV_0047,15,0,11,42,0,0,0,55,0,4,11,4,0,0,0,0,10,0,0,0
ASV_0048,2,0,0,0,0,19,54,0,0,0,0,0,24,6,7,5,2,4,2,21
ASV_0049,1,1,68,0,0,8,0,44,1,1,1,2,3,8,1,3,0,0,0,1
ASV_0050,0,11,21,0,16,11,31,15,0,1,0,1,0,0,0,0,0,0,35,0
ASV_0051,6,6,7,3,2,6,13,6,9,7,9,0,10,29,1,0,1,2,7,16
ASV_0052,3,21,13,20,1,2,35,9,24,4,0,0,0,1,2,0,2,0,1,1
ASV_0053,5,2,0,3,3,11,17,3,9,17,0,3,0,13,6,4,1,32,0,0
ASV_0054,17,14,4,10,2,21,24,4,10,0,0,0,0,1,21,0,0,0,0,0
ASV_0055,0,2,0,1,1,0,1,0,0,1,69,2,1,1,2,0,24,19,2,1
ASV_0056,0,0,0,0,2,3,0,1,0,0,6,46,48,2,3,8,0,3,2,0
ASV_0057,0,1,10,12,0,0,50,1,42,1,0,0,0,0,0,0,0,0,0,5
ASV_0058,7,9,20,1,3,3,2,16,1,0,0,1,6,24,8,1,6,2,0,9
ASV_0059,0,0,0,7,1,0,1,0,0,0,36,0,12,0,7,0,0,33,0,17
ASV_0060,0,1,23,8,3,13,37,14,5,0,3,0,0,7,0,0,0,0,0,0
ASV_0061,6,0,0,24,2,3,9,1,0,0,38,0,2,10,0,2,0,8,5,2
ASV_0062,0,0,0,0,1,0,0,0,0,87,0,0,0,1,0,0,0,0,0,22
ASV_0063,0,0,0,1,0,0,0,0,0,0,7,7,55,24,0,0,12,1,3,0
ASV_0064,2,11,13,11,5,7,17,13,3,3,1,5,4,4,5,0,0,0,0,6
ASV_0065,0,0,0,0,27,0,1,0,0,0,0,0,0,0,0,0,0,0,0,81
ASV_0066,1,2,1,6,4,0,11,27,3,2,6,12,5,6,6,6,4,5,0,1
ASV_0067,0,24,11,6,21,1,17,14,3,1,1,1,4,3,0,1,0,0,0,0
ASV_0068,1,8,15,12,0,1,22,2,42,5,0,0,0,0,0,0,0,0,0,0
ASV_0069,2,12,23,13,11,3,11,5,13,2,0,0,0,0,0,0,0,0,0,10
ASV_0070,6,0,28,18,0,5,14,14,17,0,0,0,0,0,0,0,0,0,0,2
ASV_0071,5,7,18,11,0,3,18,4,34,0,0,0,0,0,0,0,0,0,0,3
ASV_0072,0,2,2,1,4,0,52,0,0,0,1,0,0,5,16,0,0,0,4,15
ASV_0073,1,2,13,17,9,3,4,12,5,0,0,1,18,11,2,0,0,1,0,2
ASV_0074,29,7,0,0,0,18,0,0,0,7,0,26,0,0,0,0,14,0,0,0
ASV_0075,0,0,0,0,0,0,0,0,0,0,0,8,25,5,26,15,7,0,0,15
ASV_0076,0,0,0,0,0,1,0,0,0,1,17,16,14,1,2,0,6,5,32,5
ASV_0077,2,2,4,0,5,3,2,6,2,10,5,0,0,6,2,0,3,14,27,3
ASV_0078,5,7,0,10,6,6,7,17,5,14,0,0,0,0,8,0,0,0,0,10
ASV_0079,0,0,0,95,0,0,0,0,0,0,0,0,0,0,0,0,0,0,0,0
ASV_0080,14,5,10,4,1,12,1,2,0,1,0,1,17,12,0,2,3,0,0,9
ASV_0081,19,0,0,0,1,0,1,2,0,3,0,3,20,17,7,1,2,0,0,18
ASV_0082,0,0,0,0,0,93,0,0,0,0,0,0,0,0,0,0,0,0,0,0
ASV_0083,0,0,0,0,6,26,0,0,12,7,1,3,0,0,17,5,16,0,0,0
ASV_0084,0,0,0,0,14,0,1,0,0,18,0,0,0,0,27,31,0,0,0,0
ASV_0085,29,10,4,7,3,9,3,5,7,0,0,4,0,1,7,0,0,0,0,0
ASV_0086,17,0,0,2,1,10,2,1,0,11,0,0,0,3,1,0,0,1,0,40
ASV_0087,8,14,7,9,1,5,20,2,9,5,0,0,0,0,1,2,0,0,0,4
ASV_0088,25,0,0,0,0,14,6,0,0,0,2,2,13,1,3,0,1,0,2,18
ASV_0089,41,7,0,7,3,6,9,9,1,2,0,0,0,0,0,0,0,0,0,0
ASV_0090,0,0,0,0,1,0,0,0,0,0,34,2,15,3,0,3,0,16,10,0
ASV_0091,1,0,0,51,1,1,8,0,0,0,0,0,0,8,0,12,0,0,0,0
ASV_0092,7,2,18,5,0,4,7,27,2,0,0,1,0,0,0,0,1,3,1,2
ASV_0093,13,0,2,9,1,2,17,29,4,1,0,0,0,2,0,0,0,0,0,0
ASV_0094,0,0,0,5,9,0,0,0,0,8,0,0,0,0,0,1,0,0,57,0
ASV_0095,1,0,2,6,0,1,3,0,6,2,0,0,1,2,1,0,1,0,49,1
ASV_0096,0,0,0,0,0,0,0,0,0,0,1,9,32,13,0,18,3,0,0,0
ASV_0097,10,0,0,1,0,0,0,3,0,0,0,0,18,12,7,8,0,0,0,17
ASV_0098,0,15,0,0,5,14,19,14,5,3,0,0,0,0,0,0,0,0,0,0
ASV_0099,0,0,0,0,1,0,0,0,0,0,0,13,0,0,37,0,17,0,0,6
ASV_0100,0,0,0,0,1,0,0,0,0,0,0,1,1,4,0,0,0,67,0,0
ASV_0101,15,9,0,0,0,21,25,0,3,0,0,0,0,0,0,0,0,0,0,0
ASV_0102,2,0,0,0,2,0,0,0,0,0,0,0,0,0,0,0,0,68,0,0
ASV_0103,0,37,0,0,16,0,0,0,0,0,13,0,0,0,4,0,0,0,0,1
ASV_0104,0,0,0,1,0,0,0,0,0,0,2,3,42,20,0,0,0,3,0,0
ASV_0105,2,0,0,6,18,4,0,0,26,9,0,0,6,0,0,0,0,0,0,0
ASV_0106,22,0,0,0,0,34,0,0,7,0,3,0,0,0,2,0,0,0,0,3
ASV_0107,10,0,3,4,14,0,0,2,0,3,5,13,0,1,10,0,0,0,5,0
ASV_0108,0,2,0,0,0,36,2,6,0,4,0,3,7,0,3,2,4,0,0,0
ASV_0109,3,4,0,1,0,1,0,7,4,3,0,2,6,3,15,0,2,0,2,16
ASV_0110,0,0,0,0,0,0,0,0,0,0,27,0,4,0,0,1,4,30,2,0
ASV_0111,0,0,0,0,0,18,0,0,0,18,0,0,0,0,14,18,0,0,0,0
ASV_0112,29,0,0,2,3,16,12,0,0,1,0,0,2,0,0,0,0,0,0,2
ASV_0113,3,5,16,0,12,3,3,8,8,3,0,0,0,4,0,0,0,2,0,0
ASV_0114,2,13,0,6,7,17,0,0,15,6,0,0,0,0,1,0,0,0,0,0
ASV_0115,0,0,15,12,9,0,0,6,6,18,0,0,0,0,0,0,0,0,0,0
ASV_0116,0,0,0,3,3,0,0,0,7,0,39,0,0,0,0,0,0,13,0,0
ASV_0117,0,0,0,0,0,0,0,0,0,0,63,0,0,0,1,0,0,0,0,0
ASV_0118,1,0,0,0,0,0,0,0,1,1,1,1,7,1,0,1,8,41,0,0
ASV_0119,1,3,5,5,2,9,2,0,5,0,2,3,0,9,6,1,3,2,0,5
ASV_0120,0,0,0,11,0,1,0,0,1,50,0,0,0,0,0,0,0,0,0,0
ASV_0121,1,3,0,0,0,9,0,3,0,0,4,0,9,0,10,0,2,2,6,14
ASV_0122,10,4,1,3,2,4,6,5,6,2,1,9,3,1,2,0,1,0,0,3
ASV_0123,2,1,0,4,6,11,8,0,1,3,3,0,1,8,2,5,4,0,1,2
ASV_0124,0,0,6,30,4,0,9,9,0,0,0,3,0,0,0,0,0,0,0,0
ASV_0125,0,0,2,17,0,0,20,19,3,0,0,0,0,0,0,0,0,0,0,0
ASV_0126,0,5,10,4,0,5,13,4,3,0,3,0,0,5,0,6,1,1,0,0
ASV_0127,0,0,2,9,3,2,0,0,8,7,3,6,6,0,11,0,2,0,0,1
ASV_0128,0,1,0,0,12,0,0,4,3,0,27,0,0,9,0,3,0,0,0,0
ASV_0129,22,0,0,0,0,0,0,0,0,7,0,2,0,0,0,0,1,0,0,26
ASV_0130,21,0,0,0,0,7,0,0,0,0,0,0,3,2,11,5,0,6,0,3
ASV_0131,25,0,0,8,0,3,3,0,0,4,0,0,0,4,1,0,0,9,0,0
ASV_0132,0,0,0,3,0,0,29,8,0,0,0,0,0,0,0,4,7,0,0,6
ASV_0133,1,1,0,0,5,16,1,8,17,0,3,0,1,0,0,0,4,0,0,0
ASV_0134,0,4,4,10,0,0,31,3,3,2,0,0,0,0,0,0,0,0,0,0
ASV_0135,5,0,0,3,3,19,0,0,0,4,5,5,2,0,2,0,0,0,0,8
ASV_0136,3,5,0,3,1,6,6,2,2,0,0,2,2,1,4,0,5,5,0,8
ASV_0137,0,4,16,8,1,1,6,6,5,4,0,0,0,0,0,0,0,0,0,3
ASV_0138,0,13,2,5,2,0,13,2,7,4,0,0,1,2,0,0,0,0,0,3
ASV_0139,2,5,4,0,1,4,15,8,0,1,0,0,2,10,0,0,0,0,0,2
ASV_0140,11,10,4,0,1,18,0,3,2,5,0,0,0,0,0,0,0,0,0,0
ASV_0141,3,0,0,0,0,11,0,0,0,2,0,8,9,12,5,0,3,0,0,0
ASV_0142,0,2,23,10,0,0,5,10,3,0,0,0,0,0,0,0,0,0,0,0
ASV_0143,1,12,0,0,0,15,9,0,0,1,0,0,2,4,1,0,1,0,0,5
ASV_0144,1,29,11,3,0,0,1,1,0,5,0,0,0,0,0,0,0,0,0,0
ASV_0145,7,0,3,6,3,8,3,2,0,2,0,1,6,5,1,0,0,0,0,3
ASV_0146,0,0,1,0,1,2,1,3,0,2,1,9,1,1,1,3,1,13,7,3
ASV_0147,0,1,2,10,9,0,0,1,0,2,0,4,12,2,6,0,0,1,0,0
ASV_0148,4,0,2,0,0,18,1,0,9,1,0,0,0,0,0,0,10,0,0,5
ASV_0149,8,0,0,0,1,0,1,0,0,0,8,0,0,5,4,13,8,0,0,2
ASV_0150,0,0,0,0,1,0,0,0,0,0,0,0,44,1,0,0,3,0,0,0
ASV_0151,0,0,0,1,0,1,0,0,1,1,5,6,3,11,5,9,1,1,0,3
ASV_0152,1,0,0,0,3,0,0,0,0,0,0,0,0,0,0,0,0,44,0,0
ASV_0153,1,0,0,0,1,8,2,0,1,2,7,3,2,7,1,4,3,4,0,2
ASV_0154,0,0,0,46,0,0,0,0,2,0,0,0,0,0,0,0,0,0,0,0
ASV_0155,0,0,18,8,0,0,0,9,11,2,0,0,0,0,0,0,0,0,0,0
ASV_0156,4,11,2,8,4,3,1,4,8,3,0,0,0,0,0,0,0,0,0,0
ASV_0157,1,0,2,1,0,36,3,0,1,0,0,0,0,0,0,0,0,0,0,4
ASV_0158,0,0,0,0,0,38,0,0,0,7,0,0,0,0,0,0,3,0,0,0
ASV_0159,0,1,2,0,0,3,2,0,0,0,9,0,2,4,6,2,0,1,6,9
ASV_0160,14,2,2,1,1,3,3,1,1,1,3,0,0,6,3,2,1,2,0,1
ASV_0161,3,0,0,0,1,13,1,1,0,1,0,9,1,2,0,0,2,2,11,0
ASV_0162,0,5,0,4,10,5,0,10,6,6,0,0,0,0,1,0,0,0,0,0
ASV_0163,0,0,0,0,0,0,0,0,0,0,0,0,0,0,0,47,0,0,0,0
ASV_0164,0,0,0,13,0,1,0,2,31,0,0,0,0,0,0,0,0,0,0,0
ASV_0165,0,0,0,8,35,0,0,0,0,4,0,0,0,0,0,0,0,0,0,0
ASV_0166,6,0,1,3,0,18,4,2,3,1,0,1,0,0,3,0,3,0,0,1
ASV_0167,5,3,1,1,4,8,3,0,0,0,2,0,0,6,3,2,2,2,0,4
ASV_0168,9,1,1,2,3,1,0,1,0,0,9,0,1,1,0,2,2,10,3,0
ASV_0169,2,0,0,1,40,0,0,0,0,0,0,0,0,0,0,0,0,0,0,3
ASV_0170,7,2,4,7,7,6,2,3,0,3,0,0,2,0,1,0,0,1,0,1
ASV_0171,0,2,0,0,4,11,0,6,3,7,0,0,0,12,0,0,0,0,0,0
ASV_0172,6,0,0,0,21,12,0,0,0,1,0,0,0,0,2,0,0,0,0,3
ASV_0173,0,0,0,0,0,0,0,1,0,0,5,2,0,20,2,6,3,2,0,3
ASV_0174,0,2,0,0,1,0,0,3,0,0,10,2,10,5,1,4,3,0,0,3
ASV_0175,30,0,0,1,9,0,0,0,0,0,0,0,0,0,3,0,0,0,0,0
ASV_0176,0,0,0,0,0,0,0,0,0,0,4,2,3,5,8,9,1,9,0,2
ASV_0177,0,0,0,0,0,0,0,0,0,0,0,0,0,17,26,0,0,0,0,0
ASV_0178,11,0,0,8,2,5,13,0,2,1,0,0,0,0,0,0,0,0,0,0
ASV_0179,0,0,0,0,0,0,0,0,0,0,0,1,9,8,1,5,2,11,5,0
ASV_0180,5,0,2,19,0,0,0,4,0,4,0,0,2,4,0,0,1,0,1,0
ASV_0181,0,0,42,0,0,0,0,0,0,0,0,0,0,0,0,0,0,0,0,0
ASV_0182,0,0,0,0,1,0,0,0,0,0,0,0,35,0,1,1,0,3,0,0
ASV_0183,0,0,0,8,0,1,0,1,6,1,0,0,0,7,3,0,0,1,4,9
ASV_0184,0,0,0,0,41,0,0,0,0,0,0,0,0,0,0,0,0,0,0,0
ASV_0185,0,0,0,0,0,0,0,2,0,0,0,3,5,16,4,8,0,0,0,3
ASV_0186,0,0,0,0,0,0,0,0,0,0,1,3,5,23,0,6,3,0,0,0
ASV_0187,1,9,2,2,1,9,2,5,0,4,3,0,0,1,0,0,0,0,0,1
ASV_0188,0,13,10,0,10,0,0,0,0,7,0,0,0,0,0,0,0,0,0,0
ASV_0189,0,0,0,40,0,0,0,0,0,0,0,0,0,0,0,0,0,0,0,0
ASV_0190,5,0,0,0,0,0,0,0,0,0,3,0,0,22,0,0,2,6,2,0
ASV_0191,0,2,2,4,3,6,3,1,0,5,0,2,4,5,2,0,1,0,0,0
ASV_0192,1,4,2,2,1,0,8,1,13,4,0,0,0,0,1,0,0,0,0,2
ASV_0193,0,5,2,1,0,7,0,0,16,5,0,0,0,0,0,0,3,0,0,0
ASV_0194,1,5,0,5,4,7,10,1,6,0,0,0,0,0,0,0,0,0,0,0
ASV_0195,0,0,0,30,1,0,8,0,0,0,0,0,0,0,0,0,0,0,0,0
ASV_0196,5,0,0,0,2,25,0,0,0,0,0,2,1,1,0,1,0,1,0,0
ASV_0197,3,0,0,0,0,1,13,0,0,0,0,1,0,3,12,0,0,0,0,5
ASV_0198,0,2,3,2,3,4,0,4,3,0,0,0,0,2,2,0,0,1,0,12
ASV_0199,21,1,4,2,2,1,2,0,2,0,1,0,1,0,0,1,0,0,0,0
ASV_0200,0,0,0,0,0,0,0,0,0,0,9,0,0,0,0,0,27,2,0,0
ASV_0201,1,1,3,3,0,1,1,1,7,0,3,0,0,3,0,0,0,0,12,2
ASV_0202,19,0,0,0,0,19,0,0,0,0,0,0,0,0,0,0,0,0,0,0
ASV_0203,0,0,19,0,0,0,0,17,0,0,0,0,0,0,1,0,0,0,0,1
ASV_0204,0,0,1,26,3,0,0,1,0,1,1,0,0,0,1,0,0,0,0,3
ASV_0205,6,0,0,0,0,0,6,1,0,0,0,0,0,3,0,0,5,0,0,16
ASV_0206,1,5,1,4,1,4,3,3,2,1,0,1,0,1,0,1,2,5,0,2
ASV_0207,4,2,5,10,3,0,4,3,2,0,0,0,3,0,0,0,1,0,0,0
ASV_0208,0,0,0,0,0,0,31,0,6,0,0,0,0,0,0,0,0,0,0,0
ASV_0209,16,0,0,1,0,0,0,0,0,1,1,2,6,1,1,2,0,6,0,0
ASV_0210,1,3,8,2,0,1,4,2,3,1,0,4,1,5,0,0,0,0,0,1
ASV_0211,0,0,0,0,1,0,0,0,0,0,2,2,12,3,0,8,5,3,0,0
ASV_0212,1,1,0,0,2,0,2,0,0,1,1,3,3,11,3,2,0,0,4,2
ASV_0213,0,0,7,3,5,0,0,6,2,2,1,0,8,0,1,0,0,0,0,1
ASV_0214,1,0,0,4,0,3,0,0,0,1,0,0,3,14,0,0,0,3,5,1
ASV_0215,0,0,0,0,0,0,0,0,0,0,17,0,0,0,0,18,0,0,0,0
ASV_0216,0,0,0,0,4,0,0,0,0,6,0,1,0,2,0,0,0,7,14,1
ASV_0217,0,0,2,3,2,2,4,16,0,2,0,0,0,2,0,0,1,0,1,0
ASV_0218,0,0,0,1,0,0,0,1,1,3,0,0,6,1,8,0,4,0,0,10
ASV_0219,1,0,1,0,1,2,0,0,1,0,4,3,7,5,5,2,2,1,0,0
ASV_0220,0,0,5,2,0,0,4,2,4,1,0,0,1,2,1,1,1,0,11,0
ASV_0221,0,2,17,0,3,4,0,0,0,3,0,0,0,0,2,0,0,0,3,1
ASV_0222,0,0,0,0,0,0,0,0,0,0,0,14,16,0,0,5,0,0,0,0
ASV_0223,0,0,0,0,0,0,0,0,0,0,14,0,8,0,2,4,0,5,1,0
ASV_0224,1,1,0,3,0,1,1,3,0,0,2,2,3,9,0,2,3,0,0,3
ASV_0225,2,0,0,0,0,2,11,0,10,0,0,0,0,2,0,0,0,0,0,7
ASV_0226,0,1,0,0,0,0,1,0,0,0,2,5,0,0,0,23,2,0,0,0
ASV_0227,0,0,0,0,0,27,0,0,7,0,0,0,0,0,0,0,0,0,0,0
ASV_0228,0,0,0,0,0,0,0,0,10,0,0,0,0,0,0,0,2,0,0,22
ASV_0229,0,4,1,2,0,0,3,1,1,1,1,1,4,6,3,0,1,3,0,2
ASV_0230,5,0,0,0,0,1,1,0,1,0,4,4,0,3,1,5,1,5,2,0
ASV_0231,0,0,0,0,0,0,0,0,0,0,0,0,0,0,0,0,3,14,0,16
ASV_0232,0,0,0,0,1,0,1,0,0,0,0,0,0,2,0,0,0,0,0,29
ASV_0233,0,0,0,0,0,0,0,0,0,0,3,0,0,2,0,0,1,9,18,0
ASV_0234,0,0,4,1,0,1,1,0,7,5,0,0,0,0,1,0,0,0,13,0
ASV_0235,2,2,0,0,1,13,1,0,0,2,0,1,1,3,2,1,1,1,0,2
ASV_0236,1,0,0,4,0,0,0,0,28,0,0,0,0,0,0,0,0,0,0,0
ASV_0237,0,5,1,0,0,2,4,14,1,6,0,0,0,0,0,0,0,0,0,0
ASV_0238,11,0,0,0,1,7,0,0,0,0,5,1,4,0,2,0,1,0,0,0
ASV_0239,1,2,1,1,0,1,0,5,2,1,2,0,0,0,0,0,0,10,4,2
ASV_0240,0,3,0,16,0,2,7,0,0,0,0,1,1,0,1,1,0,0,0,0
ASV_0241,17,2,5,8,0,0,0,0,0,0,0,0,0,0,0,0,0,0,0,0
ASV_0242,1,1,0,1,0,3,0,0,0,0,6,0,0,3,2,1,0,2,10,2
ASV_0243,0,0,0,31,0,1,0,0,0,0,0,0,0,0,0,0,0,0,0,0
ASV_0244,0,0,1,2,5,0,1,3,0,2,1,2,1,9,2,1,1,1,0,0
ASV_0245,2,0,0,4,1,9,0,0,10,6,0,0,0,0,0,0,0,0,0,0
ASV_0246,0,0,1,0,0,1,0,1,0,3,2,0,2,6,1,3,0,8,1,2
ASV_0247,0,0,0,13,0,0,0,0,12,6,0,0,0,0,0,0,0,0,0,0
ASV_0248,0,1,0,0,1,6,1,1,0,0,9,0,4,2,1,0,1,0,4,0
ASV_0249,0,4,0,0,0,0,18,0,0,0,0,0,0,0,9,0,0,0,0,0
ASV_0250,0,0,0,0,0,0,0,0,0,0,0,12,0,0,0,8,0,0,0,11
ASV_0251,26,0,0,0,0,2,0,0,0,0,0,0,0,3,0,0,0,0,0,0
ASV_0252,2,6,0,1,5,3,0,1,2,1,2,2,0,0,0,0,1,1,1,3
ASV_0253,0,0,0,0,0,0,0,0,0,0,0,0,0,0,31,0,0,0,0,0
ASV_0254,6,0,2,1,3,4,1,5,0,2,2,0,0,0,0,0,4,0,0,0
ASV_0255,3,0,0,1,1,1,0,0,0,1,6,0,5,3,1,0,1,7,0,0
ASV_0256,3,1,4,11,2,0,5,0,1,2,0,1,0,0,0,0,0,0,0,0
ASV_0257,6,1,3,1,0,1,4,3,0,0,0,4,0,1,0,0,3,0,3,0
ASV_0258,1,0,0,0,0,0,0,0,4,0,0,0,0,15,2,0,0,0,6,2
ASV_0259,2,0,0,20,0,0,8,0,0,0,0,0,0,0,0,0,0,0,0,0
ASV_0260,9,0,0,2,0,18,0,0,0,0,0,0,0,0,0,0,0,0,1,0
ASV_0261,0,2,7,5,0,0,0,0,0,0,0,0,0,0,2,0,0,0,0,14
ASV_0262,2,0,11,0,3,8,0,0,0,0,0,0,0,0,0,0,0,5,0,1
ASV_0263,9,9,3,1,0,0,8,0,0,0,0,0,0,0,0,0,0,0,0,0
ASV_0264,0,2,3,3,0,2,3,4,0,0,0,0,2,3,0,0,0,1,5,1
ASV_0265,0,0,0,0,0,0,0,0,0,0,0,0,3,0,1,0,0,23,0,2
ASV_0266,9,0,0,0,3,2,0,0,0,0,0,1,0,4,1,0,2,0,5,2
ASV_0267,0,0,0,0,1,0,0,0,0,0,5,0,8,2,0,8,3,2,0,0
ASV_0268,1,0,0,7,2,0,1,0,2,0,1,1,3,1,2,0,1,7,0,0
ASV_0269,0,1,0,0,0,4,3,0,0,0,0,0,1,4,0,2,1,12,0,1
ASV_0270,0,0,19,0,0,0,0,0,0,0,0,5,0,0,0,5,0,0,0,0
ASV_0271,0,1,2,4,2,0,5,2,0,0,0,0,2,2,1,0,0,3,4,1
ASV_0272,0,6,0,0,1,0,3,18,0,1,0,0,0,0,0,0,0,0,0,0
ASV_0273,0,0,0,0,2,0,0,0,0,0,0,4,3,4,0,0,0,12,3,1
ASV_0274,1,1,1,6,1,0,7,1,1,0,0,8,0,0,1,0,0,1,0,0
ASV_0275,0,1,0,0,2,3,0,0,2,0,0,0,0,0,14,0,0,0,0,7
ASV_0276,2,0,1,3,0,7,0,0,0,8,0,4,0,0,0,4,0,0,0,0
ASV_0277,0,0,0,0,0,0,0,0,0,0,28,0,0,0,0,0,0,0,0,0
ASV_0278,1,0,3,0,0,1,1,14,1,0,0,2,0,2,0,0,0,2,0,1
ASV_0279,0,0,0,1,3,0,0,0,0,0,6,2,3,0,0,0,1,4,7,1
ASV_0280,0,0,8,3,4,3,0,5,3,2,0,0,0,0,0,0,0,0,0,0
ASV_0281,1,0,3,0,2,0,1,0,0,12,0,4,3,1,1,0,0,0,0,0
ASV_0282,3,1,0,4,5,2,10,1,1,1,0,0,0,0,0,0,0,0,0,0
ASV_0283,10,0,0,1,1,9,0,1,2,0,0,0,0,0,2,1,0,0,0,1
ASV_0284,0,1,0,1,1,2,1,14,2,3,0,0,0,2,0,0,0,0,0,1
ASV_0285,0,0,0,0,0,0,0,0,0,0,12,0,0,6,0,0,1,0,8,0
ASV_0286,0,3,6,1,0,1,2,5,3,1,0,0,0,0,0,2,0,0,1,2
ASV_0287,0,2,5,7,0,0,3,4,0,0,0,0,0,2,1,0,0,0,2,1
ASV_0288,1,0,1,1,0,22,1,0,1,0,0,0,0,0,0,0,0,0,0,0
ASV_0289,1,1,1,1,0,9,1,2,1,0,0,0,2,4,1,1,0,0,0,2
ASV_0290,0,0,0,8,7,0,2,0,0,5,0,0,0,0,0,0,0,0,0,5
ASV_0291,0,0,1,3,0,8,0,5,0,0,0,2,0,0,2,0,0,0,3,3
ASV_0292,0,0,0,0,7,0,0,0,6,13,0,0,0,0,0,1,0,0,0,0
ASV_0293,1,7,0,3,0,5,4,1,0,2,0,0,0,0,0,1,0,0,0,3
ASV_0294,0,0,0,0,0,0,26,0,0,1,0,0,0,0,0,0,0,0,0,0
ASV_0295,0,0,0,9,0,0,0,0,0,0,0,0,2,16,0,0,0,0,0,0
ASV_0296,0,2,4,3,7,1,2,1,1,0,0,2,1,0,0,0,2,0,1,0
ASV_0297,0,24,0,3,0,0,0,0,0,0,0,0,0,0,0,0,0,0,0,0
ASV_0298,0,4,5,0,0,0,1,1,0,0,6,5,1,1,0,0,2,1,0,0
ASV_0299,4,0,0,2,1,0,5,0,0,1,2,0,2,5,1,0,3,1,0,0
ASV_0300,24,0,0,0,2,0,0,0,0,0,0,0,0,0,0,1,0,0,0,0
ASV_0301,1,11,3,1,0,1,2,6,0,0,0,0,0,0,1,0,0,0,0,0
ASV_0302,0,7,0,0,0,0,0,0,0,0,1,0,8,7,1,0,2,0,0,0
ASV_0303,0,0,1,2,0,1,0,2,0,0,11,1,0,0,0,0,0,6,2,0
ASV_0304,7,3,0,0,0,1,5,2,4,2,0,0,0,0,0,0,0,0,0,2
ASV_0305,0,1,1,5,5,0,2,1,3,0,5,0,0,1,0,2,0,0,0,0
ASV_0306,0,1,0,0,1,1,2,0,0,0,4,3,5,5,0,1,0,1,0,2
ASV_0307,0,0,0,0,2,0,0,0,0,1,3,1,9,2,2,0,4,0,2,0
ASV_0308,0,0,0,0,0,0,0,0,0,1,0,4,0,0,4,13,4,0,0,0
ASV_0309,0,0,0,0,0,25,0,0,0,0,1,0,0,0,0,0,0,0,0,0
ASV_0310,0,0,0,0,0,0,11,0,0,15,0,0,0,0,0,0,0,0,0,0
ASV_0311,2,4,2,1,0,2,1,0,0,5,0,0,1,0,1,0,0,0,0,7
ASV_0312,0,0,0,0,0,7,0,0,0,0,4,2,3,6,1,0,2,1,0,0
ASV_0313,0,0,0,1,0,1,1,1,0,0,5,0,3,6,0,0,0,4,3,1
ASV_0314,6,2,0,5,0,0,0,0,5,3,0,0,0,0,2,0,1,0,1,0
ASV_0315,0,0,2,3,0,0,0,1,0,0,0,0,4,0,8,2,3,0,0,2
ASV_0316,0,0,0,0,0,5,1,1,0,15,0,0,1,0,2,0,0,0,0,0
ASV_0317,22,0,0,0,1,0,0,1,0,0,0,0,0,0,0,0,0,1,0,0
ASV_0318,0,1,1,0,1,4,2,2,1,1,2,0,0,1,2,0,0,5,1,1
ASV_0319,0,0,0,9,1,2,0,0,0,0,0,4,0,0,4,5,0,0,0,0
ASV_0320,3,0,0,0,5,8,0,0,0,9,0,0,0,0,0,0,0,0,0,0
ASV_0321,0,4,14,7,0,0,0,0,0,0,0,0,0,0,0,0,0,0,0,0
ASV_0322,0,0,0,0,0,0,0,0,0,0,0,0,0,25,0,0,0,0,0,0
ASV_0323,0,0,1,2,0,1,0,0,0,0,4,1,5,2,4,3,1,0,0,1
ASV_0324,3,0,0,0,0,2,0,4,0,0,0,0,2,2,0,0,0,0,0,12
ASV_0325,0,2,5,1,0,0,0,3,0,0,0,0,0,0,0,0,0,0,14,0
ASV_0326,0,0,0,0,0,0,3,0,0,0,0,2,3,3,0,0,1,9,4,0
ASV_0327,0,0,2,2,1,2,0,1,1,0,0,5,3,3,1,1,2,1,0,0
ASV_0328,0,0,1,0,0,0,1,0,0,0,1,0,10,3,3,0,4,1,0,0
ASV_0329,4,1,1,0,1,1,2,2,0,3,1,0,0,0,5,0,0,0,0,3
ASV_0330,0,0,3,1,0,0,0,1,0,0,0,1,0,5,0,5,3,3,1,1
ASV_0331,2,1,3,1,1,4,1,0,0,0,0,1,0,2,0,1,0,5,2,0
ASV_0332,0,0,0,0,0,2,1,0,0,0,12,0,0,0,0,0,1,5,3,0
ASV_0333,0,0,0,0,0,0,0,0,0,0,0,0,0,0,0,0,0,0,24,0
ASV_0334,1,1,0,0,1,3,3,5,0,6,0,3,0,1,0,0,0,0,0,0
ASV_0335,0,0,0,0,0,0,1,0,1,0,0,0,13,0,0,0,0,9,0,0
ASV_0336,0,0,0,0,0,3,0,0,0,0,2,2,7,1,3,3,1,0,0,2
ASV_0337,0,0,0,0,5,0,0,0,0,0,0,10,0,0,0,0,4,4,0,1
ASV_0338,1,2,0,0,5,1,3,2,2,2,1,0,2,3,0,0,0,0,0,0
ASV_0339,0,0,0,0,0,0,0,0,0,0,1,0,0,0,23,0,0,0,0,0
ASV_0340,2,1,2,4,0,0,2,2,0,1,0,0,0,1,3,0,0,0,1,4
ASV_0341,0,0,0,1,0,0,1,1,1,0,2,8,0,6,1,0,1,1,0,0
ASV_0342,0,2,0,1,0,0,0,0,2,3,4,0,1,2,0,2,1,3,2,0
ASV_0343,0,0,0,0,0,0,0,0,0,0,5,2,3,8,0,4,1,0,0,0
ASV_0344,0,0,0,0,0,0,0,0,0,0,0,10,0,0,0,0,13,0,0,0
ASV_0345,1,0,0,17,0,0,0,0,5,0,0,0,0,0,0,0,0,0,0,0
ASV_0346,7,0,1,3,1,0,10,1,0,0,0,0,0,0,0,0,0,0,0,0
ASV_0347,2,4,0,2,1,0,0,1,2,2,0,0,1,4,2,0,2,0,0,0
ASV_0348,3,7,0,0,4,0,1,0,0,1,0,2,0,1,1,0,1,2,0,0
ASV_0349,1,0,0,0,3,2,0,1,0,0,2,0,5,3,4,1,0,0,0,1
ASV_0350,0,2,1,0,0,1,5,1,0,1,4,0,1,1,0,0,1,1,1,3
ASV_0351,10,1,0,3,0,7,0,0,0,0,1,0,0,0,0,0,0,0,0,0
ASV_0352,0,0,0,0,0,0,0,0,0,0,0,0,0,18,0,4,0,0,0,0
ASV_0353,2,0,0,1,0,8,3,1,3,0,0,0,0,0,2,1,0,0,0,1
ASV_0354,2,1,0,0,0,1,0,0,0,0,3,1,1,2,1,3,0,4,2,1
ASV_0355,12,0,0,0,0,2,1,1,0,0,0,0,0,0,0,0,0,4,0,2
ASV_0356,0,0,4,8,0,0,0,0,0,0,0,0,0,10,0,0,0,0,0,0
ASV_0357,3,0,0,1,0,0,0,2,0,0,0,0,1,3,3,5,0,0,0,4
ASV_0358,0,0,6,0,0,0,0,0,0,16,0,0,0,0,0,0,0,0,0,0
ASV_0359,4,1,1,2,1,1,1,1,2,2,4,1,0,0,0,0,0,1,0,0
ASV_0360,0,0,0,0,0,1,0,0,0,0,0,0,0,1,2,0,0,0,0,18
ASV_0361,0,0,0,3,0,7,0,0,3,0,3,0,2,0,0,0,0,2,2,0
ASV_0362,4,1,0,0,1,9,2,0,1,0,0,0,0,1,0,0,2,1,0,0
ASV_0363,0,0,0,1,0,0,0,0,0,0,0,0,14,6,0,0,0,0,0,0
ASV_0364,0,0,0,0,0,0,10,0,0,0,0,0,6,0,0,2,0,0,0,3
ASV_0365,0,0,0,0,0,0,4,0,1,0,2,2,0,8,0,0,0,0,0,4
ASV_0366,0,0,0,0,0,1,0,0,0,0,0,0,5,3,0,11,1,0,0,0
ASV_0367,0,2,0,17,0,0,0,0,0,0,0,0,2,0,0,0,0,0,0,0
ASV_0368,0,3,0,0,9,0,0,0,0,8,0,0,0,0,1,0,0,0,0,0
ASV_0369,0,0,0,0,0,8,8,0,4,1,0,0,0,0,0,0,0,0,0,0
ASV_0370,0,0,0,7,0,0,13,0,0,0,0,0,0,0,0,0,1,0,0,0
ASV_0371,2,0,6,5,0,1,0,0,0,0,0,0,0,0,0,0,7,0,0,0
ASV_0372,0,0,0,0,0,0,0,1,0,1,0,3,8,0,2,4,2,0,0,0
ASV_0373,0,0,0,0,0,3,0,0,0,1,1,3,6,2,4,1,0,0,0,0
ASV_0374,0,0,0,0,1,0,0,0,0,0,0,0,0,0,0,0,0,0,20,0
ASV_0375,0,0,0,0,0,0,0,0,0,0,0,0,0,1,0,0,0,20,0,0
ASV_0376,0,2,0,1,1,0,1,1,0,0,0,0,1,4,1,3,1,1,0,4
ASV_0377,0,0,9,0,0,0,12,0,0,0,0,0,0,0,0,0,0,0,0,0
ASV_0378,0,0,0,0,0,21,0,0,0,0,0,0,0,0,0,0,0,0,0,0
ASV_0379,0,0,0,0,0,2,0,0,0,0,0,1,0,4,6,0,2,5,0,1
ASV_0380,0,1,0,0,5,0,0,0,0,0,0,1,1,5,2,0,1,0,0,4
ASV_0381,1,0,0,0,0,0,0,0,0,0,0,2,9,5,0,0,0,3,0,0
ASV_0382,0,0,0,7,2,3,0,0,1,1,0,0,1,0,3,2,0,0,0,0
ASV_0383,0,0,0,1,1,2,2,0,1,1,2,2,1,1,1,0,0,1,2,2
ASV_0384,0,0,0,0,0,0,0,0,0,0,20,0,0,0,0,0,0,0,0,0
ASV_0385,0,0,0,0,0,0,0,0,0,0,0,1,10,0,0,4,4,1,0,0
ASV_0386,0,0,0,0,0,0,0,0,0,0,1,0,0,0,0,0,0,3,16,0
ASV_0387,0,0,0,0,0,1,0,0,3,1,2,0,2,1,0,1,0,5,0,4
ASV_0388,3,0,0,2,1,11,0,0,0,1,1,0,0,0,0,0,0,0,0,1
ASV_0389,3,1,1,1,2,2,4,1,1,0,0,0,0,1,0,0,0,1,0,2
ASV_0390,3,0,0,1,0,3,4,0,1,0,5,0,0,0,2,0,0,0,0,1
ASV_0391,3,1,0,0,0,0,1,0,1,0,0,0,0,0,0,0,0,14,0,0
ASV_0392,3,0,2,2,1,7,0,4,0,0,0,0,0,0,1,0,0,0,0,0
ASV_0393,0,0,0,0,0,20,0,0,0,0,0,0,0,0,0,0,0,0,0,0
ASV_0394,0,1,0,1,0,0,4,2,2,1,0,0,1,0,1,2,0,1,0,4
ASV_0395,1,3,2,1,0,5,4,1,0,0,0,0,3,0,0,0,0,0,0,0
ASV_0396,5,0,0,0,0,14,0,0,0,0,0,0,0,0,0,0,0,0,0,0
ASV_0397,0,1,1,1,0,1,4,3,0,0,0,0,0,2,1,0,0,2,3,0
ASV_0398,2,6,0,0,1,1,0,3,1,1,0,0,0,1,1,0,0,0,0,2
ASV_0399,0,0,1,5,0,0,11,0,0,1,0,0,0,0,1,0,0,0,0,0
ASV_0400,0,4,7,3,0,0,0,4,1,0,0,0,0,0,0,0,0,0,0,0
ASV_0401,0,1,0,3,2,1,2,1,0,0,1,0,3,2,0,0,1,0,0,2
ASV_0402,1,8,1,0,0,6,2,0,0,0,0,0,0,0,0,0,0,0,0,1
ASV_0403,0,0,0,0,0,0,0,0,0,0,7,0,3,0,8,0,1,0,0,0
ASV_0404,0,0,0,0,0,1,0,0,0,0,0,5,8,3,0,0,2,0,0,0
ASV_0405,4,1,3,0,0,6,1,1,0,0,1,1,0,0,0,0,0,0,0,1
ASV_0406,0,0,0,0,0,18,0,0,0,0,0,1,0,0,0,0,0,0,0,0
ASV_0407,15,0,0,0,0,0,0,0,0,0,0,0,4,0,0,0,0,0,0,0
ASV_0408,0,0,2,1,0,0,0,0,0,0,0,2,0,3,8,1,0,0,0,2
ASV_0409,0,0,0,0,0,0,0,16,3,0,0,0,0,0,0,0,0,0,0,0
ASV_0410,0,0,0,0,0,0,0,0,0,0,0,0,0,0,0,0,0,0,0,19
ASV_0411,0,0,3,4,0,0,0,8,4,0,0,0,0,0,0,0,0,0,0,0
ASV_0412,0,0,1,5,0,1,1,1,10,0,0,0,0,0,0,0,0,0,0,0
ASV_0413,0,0,0,0,0,0,0,0,0,0,0,0,0,19,0,0,0,0,0,0
ASV_0414,0,0,0,0,13,1,0,0,0,0,0,0,0,0,0,0,5,0,0,0
ASV_0415,0,0,0,0,0,0,0,0,0,0,0,1,11,4,0,0,0,2,0,0
ASV_0416,0,1,1,1,0,0,1,2,2,0,0,0,0,1,0,1,0,8,0,0
ASV_0417,0,1,0,5,3,0,1,0,2,4,0,0,0,0,0,0,0,0,0,2
ASV_0418,0,0,1,0,3,1,1,1,1,7,0,0,0,0,2,0,0,0,0,1
ASV_0419,0,0,1,0,0,0,1,1,1,0,0,2,5,0,2,0,0,0,4,1
ASV_0420,0,0,0,0,2,1,0,0,0,0,0,4,1,10,0,0,0,0,0,0
ASV_0421,0,1,0,1,0,2,0,1,0,0,0,3,0,4,2,0,0,0,2,2
ASV_0422,0,6,0,3,1,0,0,0,6,0,0,0,0,0,2,0,0,0,0,0
ASV_0423,0,0,0,1,0,17,0,0,0,0,0,0,0,0,0,0,0,0,0,0
ASV_0424,0,3,0,0,0,2,2,0,0,0,2,0,0,0,1,3,0,0,5,0
ASV_0425,0,0,0,0,0,0,0,0,0,5,13,0,0,0,0,0,0,0,0,0
ASV_0426,0,0,0,0,0,0,0,0,0,0,0,5,9,0,0,4,0,0,0,0
ASV_0427,0,0,0,4,0,1,0,0,0,13,0,0,0,0,0,0,0,0,0,0
ASV_0428,0,1,0,1,0,3,2,0,1,0,0,0,1,2,0,5,0,0,0,2
ASV_0429,0,0,8,0,0,6,1,1,0,0,0,0,0,0,0,0,0,0,0,2
ASV_0430,1,2,0,0,0,0,0,0,0,0,4,1,3,2,1,1,2,0,1,0
ASV_0431,0,3,0,6,1,1,2,0,4,1,0,0,0,0,0,0,0,0,0,0
ASV_0432,3,0,0,2,1,0,1,1,0,1,0,1,1,6,1,0,0,0,0,0
ASV_0433,0,0,1,0,0,3,0,0,0,0,2,1,3,0,0,2,2,1,0,2
ASV_0434,0,6,0,0,0,0,5,0,1,0,0,0,0,3,0,0,0,0,2,0
ASV_0435,0,0,0,0,0,0,0,0,0,0,0,2,0,0,0,0,15,0,0,0
ASV_0436,0,1,0,0,0,2,3,0,0,1,0,3,5,2,0,0,0,0,0,0
ASV_0437,0,1,0,1,0,2,1,0,0,0,1,0,0,0,1,0,0,1,3,6
ASV_0438,2,1,0,1,0,1,5,0,0,0,1,0,1,3,0,0,2,0,0,0
ASV_0439,2,0,0,0,0,5,0,0,0,3,0,0,0,0,0,0,0,7,0,0
ASV_0440,0,0,0,0,0,0,0,1,0,0,0,0,0,2,0,1,1,12,0,0
ASV_0441,1,0,0,1,0,0,1,1,0,0,0,0,3,9,0,0,0,0,0,1
ASV_0442,0,0,0,0,0,0,0,0,0,0,2,0,0,2,0,0,0,13,0,0
ASV_0443,0,1,1,0,4,0,1,0,0,0,1,1,0,2,1,0,2,0,0,3
ASV_0444,0,0,0,0,0,14,0,0,0,2,0,0,0,0,0,0,0,0,1,0
ASV_0445,1,0,3,3,1,0,2,7,0,0,0,0,0,0,0,0,0,0,0,0
ASV_0446,6,0,0,0,0,10,0,0,0,0,0,0,0,0,1,0,0,0,0,0
ASV_0447,0,0,0,0,0,0,0,0,0,0,6,1,5,1,0,0,0,1,3,0
ASV_0448,2,3,0,0,0,0,0,0,1,0,0,1,4,2,0,1,1,0,0,2
ASV_0449,0,1,0,2,0,0,1,1,1,0,0,0,0,8,1,0,0,1,0,0
ASV_0450,0,0,0,0,2,2,0,1,2,1,1,1,0,1,0,0,1,2,0,2
ASV_0451,0,0,0,1,0,0,0,2,0,0,11,0,0,1,0,1,0,0,0,0
ASV_0452,1,0,0,4,0,0,0,9,1,1,0,0,0,0,0,0,0,0,0,0
ASV_0453,0,0,0,0,0,0,0,0,0,0,5,0,0,4,2,0,5,0,0,0
ASV_0454,1,0,0,0,0,1,0,0,3,0,1,0,0,1,0,0,1,1,0,7
ASV_0455,0,0,0,0,0,0,0,0,0,0,0,0,4,6,0,4,1,1,0,0
ASV_0456,5,0,0,0,1,7,0,0,0,0,0,0,0,1,1,1,0,0,0,0
ASV_0457,1,0,0,0,0,0,0,2,0,1,2,0,0,6,2,0,0,0,1,1
ASV_0458,0,0,0,1,0,0,0,3,3,0,0,1,0,0,1,1,5,0,0,1
ASV_0459,0,2,0,2,1,1,7,0,2,1,0,0,0,0,0,0,0,0,0,0
ASV_0460,0,1,0,0,0,2,0,0,2,0,4,0,0,1,0,0,1,0,0,5
ASV_0461,0,0,0,16,0,0,0,0,0,0,0,0,0,0,0,0,0,0,0,0
ASV_0462,3,1,0,4,0,0,8,0,0,0,0,0,0,0,0,0,0,0,0,0
ASV_0463,0,0,0,0,0,0,0,0,0,0,2,0,0,3,0,2,3,6,0,0
ASV_0464,0,0,0,0,0,0,0,0,0,2,0,1,11,0,0,0,0,2,0,0
ASV_0465,0,0,0,3,0,3,0,0,0,0,0,3,0,6,1,0,0,0,0,0
ASV_0466,0,0,0,0,0,0,0,0,0,0,0,0,0,0,2,0,0,0,0,14
ASV_0467,0,0,0,0,4,0,0,0,0,0,0,0,6,0,0,6,0,0,0,0
ASV_0468,16,0,0,0,0,0,0,0,0,0,0,0,0,0,0,0,0,0,0,0
ASV_0469,0,0,0,0,0,0,0,0,0,0,0,0,0,16,0,0,0,0,0,0
ASV_0470,0,0,0,0,0,0,0,0,0,0,0,0,0,16,0,0,0,0,0,0
ASV_0471,0,10,1,0,0,0,4,0,0,1,0,0,0,0,0,0,0,0,0,0
ASV_0472,0,3,0,0,0,8,0,3,2,0,0,0,0,0,0,0,0,0,0,0
ASV_0473,0,0,5,1,7,3,0,0,0,0,0,0,0,0,0,0,0,0,0,0
ASV_0474,0,0,1,10,0,0,3,2,0,0,0,0,0,0,0,0,0,0,0,0
ASV_0475,4,0,2,2,1,0,0,0,3,0,1,0,2,1,0,0,0,0,0,0
ASV_0476,0,0,0,0,1,0,0,0,0,15,0,0,0,0,0,0,0,0,0,0
ASV_0477,4,0,0,0,1,0,0,0,1,0,3,0,0,0,0,0,0,3,0,4
ASV_0478,0,2,1,2,0,3,0,0,0,0,0,0,1,1,0,0,0,5,0,0
ASV_0479,0,1,0,0,2,1,0,3,0,0,0,2,0,0,0,0,0,0,0,6
ASV_0480,0,0,5,3,0,0,0,0,0,6,0,0,0,0,0,0,0,0,1,0
ASV_0481,1,0,0,0,0,0,0,0,1,0,0,1,0,4,2,1,1,1,0,3
ASV_0482,0,0,0,0,0,0,0,0,0,0,0,0,0,0,0,15,0,0,0,0
ASV_0483,11,0,0,0,0,0,0,0,0,0,0,0,0,0,0,0,0,4,0,0
ASV_0484,0,0,0,0,0,0,0,0,0,1,0,0,0,1,0,0,0,12,0,1
ASV_0485,1,0,1,4,1,1,1,1,0,0,0,2,0,1,0,0,2,0,0,0
ASV_0486,4,1,1,1,2,0,0,0,0,0,0,3,0,1,1,1,0,0,0,0
ASV_0487,6,0,0,1,0,1,0,0,0,0,0,0,0,3,1,0,0,0,0,3
ASV_0488,0,0,1,1,1,0,0,0,0,12,0,0,0,0,0,0,0,0,0,0
ASV_0489,1,0,0,5,0,0,0,0,0,0,0,1,1,1,0,1,2,2,0,1
ASV_0490,0,0,0,0,2,0,0,0,0,0,0,13,0,0,0,0,0,0,0,0
ASV_0491,0,0,1,2,0,0,12,0,0,0,0,0,0,0,0,0,0,0,0,0
ASV_0492,0,4,0,1,0,0,0,0,0,10,0,0,0,0,0,0,0,0,0,0
ASV_0493,1,1,0,0,0,0,0,0,0,1,0,0,0,0,3,0,0,0,0,9
ASV_0494,0,0,0,1,0,0,0,0,0,0,0,0,14,0,0,0,0,0,0,0
ASV_0495,0,0,0,15,0,0,0,0,0,0,0,0,0,0,0,0,0,0,0,0
ASV_0496,0,0,0,0,0,0,1,0,0,0,0,0,0,0,0,14,0,0,0,0
ASV_0497,0,0,0,0,0,0,0,0,0,0,0,15,0,0,0,0,0,0,0,0
ASV_0498,0,2,0,0,0,5,0,4,4,0,0,0,0,0,0,0,0,0,0,0
ASV_0499,0,0,0,0,0,14,0,0,0,1,0,0,0,0,0,0,0,0,0,0
ASV_0500,0,0,0,0,0,0,0,0,0,0,1,0,0,0,0,0,3,0,0,11
ASV_0501,0,1,7,0,0,0,6,1,0,0,0,0,0,0,0,0,0,0,0,0
ASV_0502,1,0,0,0,1,4,0,0,0,0,1,0,4,1,0,0,1,1,0,0
ASV_0503,0,0,0,3,0,1,0,0,0,0,2,0,1,7,0,0,0,0,0,0
ASV_0504,0,2,1,0,0,9,0,0,0,0,0,0,2,0,0,0,0,0,0,0
ASV_0505,1,0,0,0,0,0,0,0,0,0,7,0,0,1,1,4,0,0,0,0
ASV_0506,0,0,0,0,0,0,0,14,0,0,0,0,0,0,0,0,0,0,0,0
ASV_0507,1,0,0,0,0,0,0,0,0,0,0,0,0,5,0,8,0,0,0,0
ASV_0508,0,2,0,0,0,0,2,0,2,1,2,0,1,1,0,1,1,0,0,1
ASV_0509,1,2,0,0,1,2,1,0,2,3,0,0,0,2,0,0,0,0,0,0
ASV_0510,2,1,0,2,1,2,1,0,0,1,0,0,1,2,0,1,0,0,0,0
ASV_0511,0,0,0,0,0,0,0,0,0,0,1,0,2,6,0,1,1,2,1,0
ASV_0512,2,4,0,0,0,4,0,0,2,0,1,0,0,0,0,0,0,1,0,0
ASV_0513,2,1,0,0,0,0,2,0,0,0,1,2,2,0,0,1,0,2,1,0
ASV_0514,0,0,0,0,1,1,0,3,1,0,0,0,0,3,2,0,0,0,3,0
ASV_0515,0,0,0,1,0,0,0,0,0,0,0,0,1,0,0,0,0,12,0,0
ASV_0516,0,0,0,0,1,0,0,0,0,0,0,0,1,0,0,1,0,11,0,0
ASV_0517,1,0,0,0,0,0,0,0,0,0,2,2,2,0,0,1,4,0,0,2
ASV_0518,0,9,0,0,0,2,0,0,0,3,0,0,0,0,0,0,0,0,0,0
ASV_0519,0,1,0,0,0,0,0,0,0,0,0,0,0,0,13,0,0,0,0,0
ASV_0520,0,0,0,0,0,0,0,0,0,0,0,3,0,10,0,1,0,0,0,0
ASV_0521,0,0,0,0,0,0,0,0,0,0,0,6,0,8,0,0,0,0,0,0
ASV_0522,0,1,0,0,0,0,3,2,3,0,0,0,0,0,2,1,0,0,1,1
ASV_0523,4,0,2,0,0,0,0,0,0,0,0,0,0,3,0,0,0,0,5,0
ASV_0524,0,0,0,0,0,0,0,0,0,0,1,0,0,0,0,0,0,0,13,0
ASV_0525,1,0,0,0,0,0,0,0,0,0,5,0,2,1,0,4,0,0,0,1
ASV_0526,0,0,0,1,0,0,0,9,0,0,0,0,0,0,0,0,0,0,4,0
ASV_0527,0,0,0,0,0,0,0,0,0,0,0,0,4,3,2,3,0,0,0,2
ASV_0528,0,0,0,0,0,0,1,2,0,0,0,0,0,0,1,0,0,0,0,10
ASV_0529,0,0,0,0,0,0,0,0,0,0,0,0,8,1,0,4,0,0,0,0
ASV_0530,1,0,0,0,0,0,0,0,0,0,0,0,0,0,0,0,0,12,0,0
ASV_0531,0,0,0,0,0,0,8,2,0,0,0,0,0,0,3,0,0,0,0,0
ASV_0532,0,0,0,0,0,0,0,0,0,0,0,1,1,0,0,1,7,3,0,0
ASV_0533,0,0,0,0,1,0,0,0,0,0,2,1,1,3,3,0,1,0,0,1
ASV_0534,0,0,0,0,0,0,0,0,0,0,5,0,6,2,0,0,0,0,0,0
ASV_0535,0,3,0,0,0,0,0,0,0,0,5,1,0,0,0,0,1,2,1,0
ASV_0536,0,0,0,0,0,0,1,0,1,0,0,0,0,9,0,0,0,2,0,0
ASV_0537,1,7,0,0,0,2,0,2,1,0,0,0,0,0,0,0,0,0,0,0
ASV_0538,0,0,0,0,0,0,0,0,2,0,2,1,3,0,0,1,3,1,0,0
ASV_0539,0,0,0,0,1,0,0,0,0,0,0,1,0,1,2,4,0,1,0,3
ASV_0540,0,0,0,0,1,1,0,0,0,0,3,0,0,2,0,0,0,6,0,0
ASV_0541,0,0,0,1,0,3,1,0,0,0,0,1,1,0,0,1,1,2,0,2
ASV_0542,0,0,0,1,1,1,0,0,0,0,1,0,0,4,3,0,2,0,0,0
ASV_0543,1,0,0,0,0,0,0,1,0,0,0,0,0,1,0,0,0,2,0,8
ASV_0544,3,2,0,0,1,2,1,0,0,4,0,0,0,0,0,0,0,0,0,0
ASV_0545,2,0,3,1,0,1,1,1,0,0,0,0,1,1,0,0,0,0,2,0
ASV_0546,0,0,1,0,0,0,0,0,0,0,0,2,1,2,1,1,2,3,0,0
ASV_0547,0,0,0,0,0,0,0,0,0,0,1,11,0,0,0,1,0,0,0,0
ASV_0548,0,1,0,0,0,0,0,1,0,0,0,1,0,0,10,0,0,0,0,0
ASV_0549,0,0,0,0,0,0,0,0,0,0,0,0,0,3,7,3,0,0,0,0
ASV_0550,0,0,0,0,13,0,0,0,0,0,0,0,0,0,0,0,0,0,0,0
ASV_0551,0,0,0,4,0,0,9,0,0,0,0,0,0,0,0,0,0,0,0,0
ASV_0552,0,5,0,2,1,0,2,2,0,0,1,0,0,0,0,0,0,0,0,0
ASV_0553,3,2,2,0,0,0,1,1,0,0,0,0,0,0,0,0,0,0,3,1
ASV_0554,0,0,5,0,1,0,2,3,0,1,0,0,0,0,1,0,0,0,0,0
ASV_0555,0,0,0,0,0,0,0,0,0,0,3,7,2,0,0,0,1,0,0,0
ASV_0556,0,0,0,0,0,0,0,0,0,0,0,0,0,0,0,0,0,13,0,0
ASV_0557,4,0,0,0,0,0,0,0,3,0,0,0,0,2,1,0,0,0,0,3
ASV_0558,0,0,0,2,0,0,0,0,11,0,0,0,0,0,0,0,0,0,0,0
ASV_0559,0,5,0,0,0,0,0,1,0,0,0,0,0,0,0,1,6,0,0,0
ASV_0560,0,0,0,0,0,0,0,3,0,1,0,0,1,0,6,1,0,0,0,1
ASV_0561,0,0,0,2,1,1,2,0,0,0,2,1,0,1,0,0,0,0,0,3
ASV_0562,0,0,1,0,0,0,0,0,0,0,5,6,0,0,0,0,0,0,0,0
ASV_0563,0,0,0,0,0,0,0,0,0,0,6,1,0,5,0,0,0,0,0,0
ASV_0564,0,0,0,0,0,0,0,0,0,0,2,2,0,1,3,1,2,1,0,0
ASV_0565,0,0,0,0,0,7,0,0,0,0,0,3,0,0,2,0,0,0,0,0
ASV_0566,0,0,1,0,0,0,8,2,1,0,0,0,0,0,0,0,0,0,0,0
ASV_0567,0,0,0,5,0,2,0,0,5,0,0,0,0,0,0,0,0,0,0,0
ASV_0568,0,1,0,1,0,0,4,0,6,0,0,0,0,0,0,0,0,0,0,0
ASV_0569,0,0,2,3,0,0,0,5,2,0,0,0,0,0,0,0,0,0,0,0
ASV_0570,0,0,0,0,0,0,0,0,0,0,0,0,0,0,12,0,0,0,0,0
ASV_0571,0,0,1,0,1,0,0,0,1,1,0,0,2,1,2,0,1,0,0,2
ASV_0572,0,2,1,0,0,2,1,1,1,0,1,0,0,2,0,0,0,0,1,0
ASV_0573,1,1,1,2,1,0,0,2,1,3,0,0,0,0,0,0,0,0,0,0
ASV_0574,0,0,0,2,0,0,0,0,0,0,0,0,9,0,0,1,0,0,0,0
ASV_0575,3,0,0,1,0,2,0,1,1,1,0,0,0,0,3,0,0,0,0,0
ASV_0576,0,1,1,0,1,4,1,1,0,1,0,0,0,0,2,0,0,0,0,0
ASV_0577,0,0,0,0,0,0,0,0,0,12,0,0,0,0,0,0,0,0,0,0
ASV_0578,1,0,1,0,0,1,0,0,0,1,1,2,0,2,0,0,0,1,2,0
ASV_0579,0,0,1,1,0,1,0,0,0,0,4,1,0,0,0,0,1,1,0,2
ASV_0580,0,0,0,0,2,1,0,1,1,0,0,1,0,5,0,0,0,1,0,0
ASV_0581,1,0,0,3,0,0,0,0,0,2,3,0,0,1,0,0,0,1,1,0
ASV_0582,2,0,1,1,0,1,1,0,0,0,2,0,2,0,0,0,0,0,1,1
ASV_0583,0,0,0,4,0,0,4,0,3,1,0,0,0,0,0,0,0,0,0,0
ASV_0584,0,1,0,6,0,0,0,2,0,0,0,0,1,0,0,0,0,0,0,2
ASV_0585,0,0,0,1,0,0,9,0,0,2,0,0,0,0,0,0,0,0,0,0
ASV_0586,1,0,0,2,0,1,1,0,0,0,0,1,1,4,1,0,0,0,0,0
ASV_0587,2,1,1,0,0,2,1,1,0,1,0,0,0,0,0,0,0,0,0,3
ASV_0588,0,6,0,0,0,2,1,0,0,0,0,0,0,0,2,0,1,0,0,0
ASV_0589,0,0,0,0,0,0,0,0,0,0,0,0,0,0,0,0,0,1,11,0
ASV_0590,0,0,0,12,0,0,0,0,0,0,0,0,0,0,0,0,0,0,0,0
ASV_0591,0,3,0,2,0,1,0,1,1,2,1,0,0,0,1,0,0,0,0,0
ASV_0592,0,0,0,0,0,0,0,0,0,0,0,0,12,0,0,0,0,0,0,0
ASV_0593,0,0,0,0,0,2,0,0,0,0,0,0,1,4,1,1,0,0,0,2
ASV_0594,0,1,0,2,1,0,1,0,0,0,0,0,1,1,1,1,2,0,0,0
ASV_0595,2,0,2,0,0,0,2,1,0,0,0,2,0,0,1,0,0,0,1,0
ASV_0596,0,0,0,0,0,0,0,0,0,0,1,2,0,1,0,7,0,0,0,0
ASV_0597,1,0,0,0,1,4,0,0,2,1,0,0,0,2,0,0,0,0,0,0
ASV_0598,1,1,3,1,0,2,1,0,0,0,0,0,2,0,0,0,0,0,0,0
ASV_0599,0,0,0,1,0,0,0,1,0,0,1,0,0,0,0,2,6,0,0,0
ASV_0600,2,0,0,2,0,0,2,1,0,0,1,0,0,1,1,0,1,0,0,0
ASV_0601,1,0,0,0,0,0,0,0,0,0,1,0,0,0,1,0,1,0,0,7
ASV_0602,1,0,0,0,0,0,0,0,0,0,1,0,2,4,0,0,0,0,3,0
ASV_0603,0,0,2,0,0,0,0,1,0,1,3,0,0,0,0,4,0,0,0,0
ASV_0604,0,0,0,0,0,0,0,0,0,0,0,0,0,2,0,0,0,6,0,3
ASV_0605,0,0,2,0,0,0,0,3,0,2,0,0,0,0,3,0,0,0,0,1
ASV_0606,0,2,0,0,1,0,2,1,0,0,0,0,1,1,0,0,0,1,1,1
ASV_0607,0,0,0,0,0,1,0,0,0,0,1,0,0,0,4,2,0,0,0,3
ASV_0608,1,0,0,1,1,0,0,2,0,1,0,0,0,2,2,1,0,0,0,0
ASV_0609,0,1,0,4,1,1,3,0,0,1,0,0,0,0,0,0,0,0,0,0
ASV_0610,0,1,0,0,0,2,1,0,1,0,1,0,0,1,0,1,2,1,0,0
ASV_0611,1,2,0,2,0,1,0,0,0,0,0,4,0,1,0,0,0,0,0,0
ASV_0612,0,0,0,2,0,3,1,0,0,0,0,0,0,2,1,0,0,2,0,0
ASV_0613,0,0,0,0,1,0,0,0,1,1,1,0,0,2,2,1,2,0,0,0
ASV_0614,0,1,0,1,0,1,1,1,0,1,1,1,0,0,0,2,0,0,0,1
ASV_0615,0,0,0,9,0,0,0,2,0,0,0,0,0,0,0,0,0,0,0,0
ASV_0616,0,0,0,5,0,0,0,0,0,0,0,0,0,0,3,0,1,0,0,2
ASV_0617,0,0,0,0,2,0,0,0,0,0,0,0,0,1,2,0,5,0,0,1
ASV_0618,0,0,0,0,0,11,0,0,0,0,0,0,0,0,0,0,0,0,0,0
ASV_0619,0,6,0,0,0,0,0,0,0,0,0,0,0,0,0,0,5,0,0,0
ASV_0620,2,0,1,1,1,0,2,0,1,2,0,1,0,0,0,0,0,0,0,0
ASV_0621,0,0,0,0,0,0,0,0,0,0,0,0,0,2,0,0,0,0,9,0
ASV_0622,0,0,0,0,0,0,0,0,0,0,0,0,0,0,0,0,0,11,0,0
ASV_0623,0,0,0,3,0,0,1,4,3,0,0,0,0,0,0,0,0,0,0,0
ASV_0624,0,0,0,0,0,11,0,0,0,0,0,0,0,0,0,0,0,0,0,0
ASV_0625,0,0,0,0,0,0,0,0,0,0,0,2,1,2,2,1,1,0,1,1
ASV_0626,0,0,0,0,1,1,0,0,0,1,1,0,0,0,0,0,0,0,7,0
ASV_0627,1,0,0,1,2,2,1,0,0,0,0,0,1,2,1,0,0,0,0,0
ASV_0628,0,0,0,0,0,0,0,0,11,0,0,0,0,0,0,0,0,0,0,0
ASV_0629,0,0,0,0,0,2,1,0,0,1,2,0,0,2,1,0,2,0,0,0
ASV_0630,1,0,0,2,0,3,1,0,1,0,1,0,0,1,0,0,0,1,0,0
ASV_0631,1,3,2,1,0,0,0,0,0,0,0,0,0,2,0,1,0,1,0,0
ASV_0632,0,0,0,0,0,0,0,0,0,0,0,2,0,8,1,0,0,0,0,0
ASV_0633,1,0,0,2,0,0,0,0,0,0,1,0,2,3,0,1,1,0,0,0
ASV_0634,5,0,0,0,1,3,0,0,0,0,0,0,0,1,0,0,0,0,0,0
ASV_0635,1,0,0,0,1,3,1,2,0,0,0,0,1,1,0,0,0,0,0,0
ASV_0636,0,0,1,0,0,0,2,0,0,0,0,0,0,0,4,0,0,0,0,3
ASV_0637,0,1,0,0,0,0,0,0,0,9,0,0,0,0,0,0,0,0,0,0
ASV_0638,0,0,0,0,0,0,0,0,0,0,1,0,6,0,0,2,1,0,0,0
ASV_0639,0,0,0,0,0,0,0,0,0,0,0,7,0,2,0,0,1,0,0,0
ASV_0640,0,0,0,0,0,0,0,0,0,0,0,7,0,3,0,0,0,0,0,0
ASV_0641,0,1,1,0,3,0,2,0,0,0,0,0,0,3,0,0,0,0,0,0
ASV_0642,0,0,1,2,0,0,2,0,0,0,0,0,1,2,1,1,0,0,0,0
ASV_0643,0,0,0,8,0,0,0,0,0,0,0,0,1,0,0,0,0,0,0,1
ASV_0644,0,0,0,0,0,0,0,0,0,0,5,1,1,1,0,0,0,2,0,0
ASV_0645,0,0,0,1,0,0,0,0,1,1,0,0,5,0,0,0,2,0,0,0
ASV_0646,2,0,1,0,1,2,0,0,0,0,0,0,1,0,1,1,0,0,0,1
ASV_0647,0,0,0,0,0,2,0,0,0,0,0,0,0,1,0,1,0,1,3,2
ASV_0648,1,0,0,0,0,0,0,0,0,0,7,1,0,0,0,0,0,0,0,1
ASV_0649,0,0,0,0,0,0,0,0,0,0,0,6,2,0,0,1,0,1,0,0
ASV_0650,4,0,0,0,3,1,0,0,0,0,0,0,0,1,1,0,0,0,0,0
ASV_0651,0,0,0,0,0,0,0,0,0,0,1,0,9,0,0,0,0,0,0,0
ASV_0652,1,0,1,0,0,3,5,0,0,0,0,0,0,0,0,0,0,0,0,0
ASV_0653,0,0,0,0,0,1,0,0,0,0,1,0,0,1,1,0,0,5,0,1
ASV_0654,1,0,0,0,0,0,0,0,0,0,0,0,2,7,0,0,0,0,0,0
ASV_0655,0,0,0,0,0,0,0,0,0,0,0,0,0,1,3,0,0,0,1,5
ASV_0656,0,0,0,1,1,0,0,0,1,0,0,0,0,0,0,0,0,0,0,7
ASV_0657,0,0,0,1,0,1,0,0,1,0,1,0,1,1,0,0,0,4,0,0
ASV_0658,0,0,0,0,1,0,0,0,0,0,1,0,0,6,0,1,0,0,1,0
ASV_0659,0,0,0,0,0,1,0,1,0,0,3,0,3,0,0,1,0,1,0,0
ASV_0660,0,0,0,0,0,9,0,0,0,0,0,0,0,0,0,0,1,0,0,0
ASV_0661,0,0,0,0,0,0,0,0,0,0,0,0,0,10,0,0,0,0,0,0
ASV_0662,0,0,0,3,0,5,0,2,0,0,0,0,0,0,0,0,0,0,0,0
ASV_0663,0,0,0,0,0,0,0,0,7,0,0,0,0,0,1,0,0,0,0,2
ASV_0664,0,0,4,0,2,0,2,2,0,0,0,0,0,0,0,0,0,0,0,0
ASV_0665,0,0,0,0,0,10,0,0,0,0,0,0,0,0,0,0,0,0,0,0
ASV_0666,0,7,0,0,0,0,0,0,0,0,1,0,0,2,0,0,0,0,0,0
ASV_0667,0,0,1,0,1,0,0,0,2,0,0,0,0,1,2,0,1,0,0,2
ASV_0668,0,0,0,0,0,0,4,6,0,0,0,0,0,0,0,0,0,0,0,0
ASV_0669,0,0,0,0,0,0,8,0,0,0,0,0,0,0,1,0,0,0,0,1
ASV_0670,0,0,3,0,0,0,0,0,7,0,0,0,0,0,0,0,0,0,0,0
ASV_0671,0,0,3,0,0,1,1,0,0,1,4,0,0,0,0,0,0,0,0,0
ASV_0672,1,0,0,0,0,0,0,1,0,0,4,0,0,0,0,0,0,2,2,0
ASV_0673,1,0,4,0,0,0,0,0,3,0,0,0,0,0,0,2,0,0,0,0
ASV_0674,0,0,0,0,0,10,0,0,0,0,0,0,0,0,0,0,0,0,0,0
ASV_0675,0,0,0,0,0,0,0,0,0,0,4,0,1,1,0,0,0,2,2,0
ASV_0676,0,0,0,1,0,0,1,0,0,0,0,3,0,0,2,0,0,1,0,2
ASV_0677,0,0,0,0,1,0,0,0,0,0,0,2,2,0,0,2,0,1,0,2
ASV_0678,0,0,0,0,0,0,0,0,0,0,2,0,0,0,0,0,0,3,5,0
ASV_0679,0,0,0,1,1,0,0,8,0,0,0,0,0,0,0,0,0,0,0,0
ASV_0680,1,0,0,0,0,6,0,0,0,0,0,0,0,0,3,0,0,0,0,0
ASV_0681,0,0,0,0,1,0,0,0,1,2,0,2,2,0,0,0,0,0,2,0
ASV_0682,0,0,0,0,0,0,0,0,0,0,0,0,8,0,2,0,0,0,0,0
ASV_0683,0,1,0,0,0,0,1,0,0,0,4,0,1,1,0,0,2,0,0,0
ASV_0684,0,0,0,10,0,0,0,0,0,0,0,0,0,0,0,0,0,0,0,0
ASV_0685,0,1,0,9,0,0,0,0,0,0,0,0,0,0,0,0,0,0,0,0
ASV_0686,0,0,0,0,1,1,0,0,0,0,0,4,1,0,1,0,0,0,0,2
ASV_0687,2,0,0,0,0,1,1,1,0,0,0,2,0,0,1,0,0,1,0,0
ASV_0688,1,0,0,1,0,0,2,0,0,0,4,0,0,0,1,0,0,0,0,0
ASV_0689,0,0,0,2,0,0,3,2,0,2,0,0,0,0,0,0,0,0,0,0
ASV_0690,0,0,0,0,1,0,0,1,0,3,0,0,2,0,1,0,0,0,0,1
ASV_0691,1,0,0,0,0,0,0,0,0,0,8,0,0,0,0,0,0,0,0,0
ASV_0692,2,1,0,0,0,0,0,0,1,0,1,0,0,1,0,0,3,0,0,0
ASV_0693,0,0,0,0,0,0,0,0,0,0,0,9,0,0,0,0,0,0,0,0
ASV_0694,1,0,0,0,0,2,0,0,0,0,1,0,1,0,2,0,0,1,1,0
ASV_0695,4,0,0,0,0,0,0,0,0,0,0,1,0,4,0,0,0,0,0,0
ASV_0696,2,0,0,0,0,1,0,0,0,0,1,1,0,1,0,2,0,0,0,1
ASV_0697,0,1,0,1,1,0,0,0,0,1,0,0,1,0,1,0,3,0,0,0
ASV_0698,0,1,0,1,0,0,0,0,1,0,1,0,2,0,1,2,0,0,0,0
ASV_0699,3,0,0,0,1,0,0,1,0,0,1,0,0,0,0,0,1,0,2,0
ASV_0700,0,0,1,5,0,0,0,0,0,0,0,0,0,1,0,1,1,0,0,0
ASV_0701,1,0,0,1,0,0,0,0,0,1,0,1,0,0,2,0,0,0,0,3
ASV_0702,0,0,0,0,0,1,2,3,0,0,0,0,0,1,0,0,0,0,0,2
ASV_0703,0,0,0,0,0,0,0,0,0,0,0,0,0,0,0,0,0,9,0,0
ASV_0704,0,0,0,0,0,0,0,0,0,1,0,0,0,6,0,2,0,0,0,0
ASV_0705,0,0,0,0,0,0,0,0,1,0,0,0,2,0,0,0,0,6,0,0
ASV_0706,0,0,0,0,0,0,0,0,0,0,0,1,1,1,0,2,0,4,0,0
ASV_0707,1,0,0,0,0,1,0,0,0,0,2,0,0,2,0,1,0,2,0,0
ASV_0708,0,0,0,0,0,8,1,0,0,0,0,0,0,0,0,0,0,0,0,0
ASV_0709,0,0,0,0,0,0,0,0,0,0,7,0,0,2,0,0,0,0,0,0
ASV_0710,0,0,0,0,0,0,0,0,0,0,6,0,0,1,2,0,0,0,0,0
ASV_0711,0,0,0,0,0,0,0,0,0,1,3,0,0,0,2,0,0,0,0,3
ASV_0712,0,0,3,6,0,0,0,0,0,0,0,0,0,0,0,0,0,0,0,0
ASV_0713,0,0,0,0,0,0,0,0,0,0,0,0,3,0,0,0,0,0,0,6
ASV_0714,2,0,0,0,0,0,0,0,0,0,0,0,1,1,5,0,0,0,0,0
ASV_0715,1,0,0,8,0,0,0,0,0,0,0,0,0,0,0,0,0,0,0,0
ASV_0716,2,1,0,0,2,4,0,0,0,0,0,0,0,0,0,0,0,0,0,0
ASV_0717,0,0,9,0,0,0,0,0,0,0,0,0,0,0,0,0,0,0,0,0
ASV_0718,3,0,0,0,2,1,1,0,0,0,0,0,1,1,0,0,0,0,0,0
ASV_0719,1,0,0,1,0,3,0,0,2,2,0,0,0,0,0,0,0,0,0,0
ASV_0720,0,0,0,0,0,0,0,0,0,0,0,0,0,1,3,0,0,0,0,5
ASV_0721,9,0,0,0,0,0,0,0,0,0,0,0,0,0,0,0,0,0,0,0
ASV_0722,0,0,0,0,0,0,0,0,0,0,0,9,0,0,0,0,0,0,0,0
ASV_0723,0,0,0,0,0,0,0,0,0,0,0,0,0,5,0,0,0,0,4,0
ASV_0724,0,0,0,5,0,1,1,1,1,0,0,0,0,0,0,0,0,0,0,0
ASV_0725,0,0,0,0,0,0,0,0,0,0,0,1,0,3,0,0,2,3,0,0
ASV_0726,0,0,0,0,0,0,0,0,0,0,1,1,1,1,0,3,0,0,2,0
ASV_0727,0,0,0,0,0,0,0,0,0,0,7,0,0,0,0,0,0,2,0,0
ASV_0728,5,0,0,0,0,0,0,1,2,1,0,0,0,0,0,0,0,0,0,0
ASV_0729,0,2,3,0,0,0,0,1,1,1,0,0,0,0,0,0,0,0,1,0
ASV_0730,0,0,0,5,0,0,0,0,3,0,0,0,0,0,0,0,0,0,0,0
ASV_0731,0,0,0,0,0,3,0,0,0,0,0,0,0,0,0,2,1,2,0,0
ASV_0732,3,0,0,2,0,0,0,0,1,0,0,0,0,0,0,2,0,0,0,0
ASV_0733,0,0,0,0,0,0,0,0,0,0,3,0,0,0,0,4,0,1,0,0
ASV_0734,0,0,0,0,0,0,0,0,0,0,2,0,3,2,0,0,0,1,0,0
ASV_0735,2,0,0,1,0,0,4,0,0,0,0,0,0,0,0,0,0,0,0,1
ASV_0736,0,0,0,0,0,0,0,0,0,0,0,0,0,7,0,0,0,0,1,0
ASV_0737,0,0,0,0,0,0,0,0,0,0,8,0,0,0,0,0,0,0,0,0
ASV_0738,0,0,0,0,0,0,0,0,0,0,0,0,0,2,0,0,0,0,6,0
ASV_0739,0,0,2,0,0,0,0,0,0,0,2,0,0,1,1,0,0,1,0,1
ASV_0740,4,0,0,0,0,3,0,0,0,0,0,0,0,0,0,0,0,1,0,0
ASV_0741,0,0,0,0,1,0,2,0,3,0,0,0,0,2,0,0,0,0,0,0
ASV_0742,0,0,0,0,0,0,2,1,0,0,0,1,0,1,0,0,0,0,2,1
ASV_0743,0,0,0,0,1,0,0,0,0,0,6,1,0,0,0,0,0,0,0,0
ASV_0744,0,0,0,0,0,0,0,0,0,0,0,0,2,3,1,1,0,1,0,0
ASV_0745,2,0,2,0,1,1,0,0,0,0,0,0,0,2,0,0,0,0,0,0
ASV_0746,0,0,0,0,0,3,0,0,0,0,0,0,0,1,0,1,0,1,0,2
ASV_0747,0,0,4,1,1,0,0,0,2,0,0,0,0,0,0,0,0,0,0,0
ASV_0748,0,0,0,0,0,6,1,0,0,0,0,0,0,0,0,0,0,0,0,1
ASV_0749,2,1,1,0,1,2,0,1,0,0,0,0,0,0,0,0,0,0,0,0
ASV_0750,0,1,1,0,0,0,2,0,1,0,0,0,0,1,0,0,0,0,2,0
ASV_0751,0,2,0,0,0,0,0,0,0,0,0,0,0,3,0,0,0,1,1,1
ASV_0752,2,0,0,0,0,0,0,0,0,0,0,0,1,0,0,0,0,0,5,0
ASV_0753,0,0,0,2,0,1,0,1,0,0,0,0,0,0,0,0,0,3,0,1
ASV_0754,0,1,0,4,0,0,0,3,0,0,0,0,0,0,0,0,0,0,0,0
ASV_0755,0,0,0,0,0,1,0,0,0,0,4,0,1,0,0,0,1,1,0,0
ASV_0756,0,1,0,1,0,0,0,0,0,1,0,0,0,5,0,0,0,0,0,0
ASV_0757,0,0,5,0,0,1,0,0,0,0,0,0,0,0,0,0,0,0,0,2
ASV_0758,0,2,2,0,0,0,1,2,1,0,0,0,0,0,0,0,0,0,0,0
ASV_0759,0,0,2,0,0,0,0,0,2,0,0,0,0,1,3,0,0,0,0,0
ASV_0760,0,0,0,0,0,0,0,0,0,0,0,0,5,0,1,0,0,0,0,2
ASV_0761,0,0,1,1,0,0,0,0,0,0,2,0,0,3,0,0,1,0,0,0
ASV_0762,0,0,0,0,0,0,0,0,0,0,0,0,0,0,0,1,0,0,0,7
ASV_0763,0,0,0,0,0,0,2,0,0,0,0,0,0,0,2,0,0,4,0,0
ASV_0764,0,0,0,0,0,1,0,0,0,0,0,0,1,0,0,1,0,5,0,0
ASV_0765,0,0,0,0,0,0,0,0,0,0,0,0,1,1,0,0,0,6,0,0
ASV_0766,0,0,0,0,0,0,0,0,0,0,0,0,0,0,0,0,0,0,8,0
ASV_0767,0,0,8,0,0,0,0,0,0,0,0,0,0,0,0,0,0,0,0,0
ASV_0768,0,0,1,1,0,0,1,2,0,0,1,0,1,0,0,0,1,0,0,0
ASV_0769,0,0,0,2,0,0,0,0,0,0,1,0,1,0,0,0,1,0,2,1
ASV_0770,0,0,0,0,0,0,0,0,0,0,0,0,0,0,6,2,0,0,0,0
ASV_0771,0,1,2,0,0,1,0,0,0,0,0,1,2,0,1,0,0,0,0,0
ASV_0772,5,0,0,0,0,0,0,0,0,0,0,0,3,0,0,0,0,0,0,0
ASV_0773,0,0,0,1,0,3,2,0,0,1,0,0,1,0,0,0,0,0,0,0
ASV_0774,0,0,0,0,0,0,0,0,6,2,0,0,0,0,0,0,0,0,0,0
ASV_0775,0,0,0,0,1,3,0,0,0,0,0,0,0,0,1,0,0,0,2,1
ASV_0776,2,1,0,0,1,0,0,0,0,0,2,0,0,0,0,0,0,1,1,0
ASV_0777,0,1,1,1,1,0,0,1,0,1,0,2,0,0,0,0,0,0,0,0
ASV_0778,0,1,2,0,0,1,0,0,4,0,0,0,0,0,0,0,0,0,0,0
ASV_0779,5,0,0,0,0,0,0,0,0,0,2,1,0,0,0,0,0,0,0,0
ASV_0780,2,0,1,0,0,3,0,0,0,0,0,2,0,0,0,0,0,0,0,0
ASV_0781,0,0,0,0,0,0,0,0,0,0,0,0,0,0,0,5,3,0,0,0
ASV_0782,0,0,0,0,0,1,0,0,1,1,0,0,2,0,1,0,0,2,0,0
ASV_0783,0,0,0,0,0,0,0,0,0,0,0,0,3,0,1,3,1,0,0,0
ASV_0784,0,0,0,0,0,0,0,1,0,0,2,0,1,1,0,1,0,0,1,1
ASV_0785,3,0,0,0,0,0,0,0,0,0,0,0,0,1,3,1,0,0,0,0
ASV_0786,3,0,0,0,0,0,0,1,0,0,0,1,2,1,0,0,0,0,0,0
ASV_0787,0,0,0,0,0,0,1,2,0,0,2,0,1,0,0,0,1,1,0,0
ASV_0788,2,0,0,1,1,0,0,0,0,0,0,2,1,0,0,0,1,0,0,0
ASV_0789,0,0,0,0,0,1,1,0,1,0,0,0,0,2,2,0,0,0,0,0
ASV_0790,0,0,0,0,0,0,0,0,0,0,1,1,4,0,0,1,0,0,0,0
ASV_0791,0,0,0,0,0,0,0,0,0,0,0,0,0,0,7,0,0,0,0,0
ASV_0792,0,1,0,1,0,1,0,0,0,0,0,0,3,0,0,1,0,0,0,0
ASV_0793,0,0,0,0,0,0,0,0,0,0,0,0,0,3,0,0,0,0,3,1
ASV_0794,0,0,0,4,0,0,0,0,0,0,0,0,3,0,0,0,0,0,0,0
ASV_0795,0,1,2,1,0,0,0,1,0,2,0,0,0,0,0,0,0,0,0,0
ASV_0796,0,0,0,0,0,0,1,0,0,0,1,0,1,0,0,1,2,1,0,0
ASV_0797,0,4,0,0,1,0,0,1,1,0,0,0,0,0,0,0,0,0,0,0
ASV_0798,1,0,0,1,0,0,2,0,1,1,0,0,0,0,0,1,0,0,0,0
ASV_0799,2,0,0,0,0,0,0,0,0,0,4,0,0,0,0,0,0,0,0,1
ASV_0800,0,0,0,0,0,1,0,0,0,0,5,0,0,0,1,0,0,0,0,0
ASV_0801,0,0,0,0,0,0,1,0,0,0,1,0,0,1,3,0,0,1,0,0
ASV_0802,0,0,0,1,0,0,1,2,1,2,0,0,0,0,0,0,0,0,0,0
ASV_0803,0,0,0,1,0,0,0,0,0,0,0,0,2,0,1,0,0,3,0,0
ASV_0804,0,0,0,0,0,0,0,0,0,0,2,0,0,0,0,0,1,0,4,0
ASV_0805,1,0,0,0,0,0,0,0,0,0,0,0,2,1,0,0,0,0,2,1
ASV_0806,0,0,0,0,0,2,0,1,0,0,0,0,0,0,2,0,0,0,0,2
ASV_0807,0,0,0,0,0,0,0,0,0,0,3,0,0,0,0,0,0,3,0,1
ASV_0808,3,0,0,0,0,1,0,0,0,0,0,0,0,0,3,0,0,0,0,0
ASV_0809,0,0,0,1,0,0,0,3,0,0,0,0,0,2,0,0,1,0,0,0
ASV_0810,2,0,0,0,0,3,0,0,0,0,0,0,2,0,0,0,0,0,0,0
ASV_0811,0,0,0,0,1,0,0,1,0,5,0,0,0,0,0,0,0,0,0,0
ASV_0812,1,3,0,0,1,0,0,1,0,1,0,0,0,0,0,0,0,0,0,0
ASV_0813,0,0,0,0,0,0,0,0,0,0,0,1,0,0,4,0,0,0,0,2
ASV_0814,3,0,0,1,0,1,0,0,0,0,0,0,0,0,0,0,0,0,0,2
ASV_0815,1,0,0,0,1,0,2,0,0,3,0,0,0,0,0,0,0,0,0,0
ASV_0816,0,0,0,0,0,0,0,0,0,0,0,1,3,2,0,0,1,0,0,0
ASV_0817,0,0,0,0,0,0,0,0,0,0,0,0,0,0,7,0,0,0,0,0
ASV_0818,3,1,0,0,0,0,1,1,1,0,0,0,0,0,0,0,0,0,0,0
ASV_0819,1,0,0,0,0,0,0,0,0,0,0,0,0,4,0,0,2,0,0,0
ASV_0820,0,0,1,1,0,0,0,0,0,1,0,0,0,0,1,0,0,1,2,0
ASV_0821,0,0,0,0,0,2,0,0,1,0,0,2,1,0,0,0,0,1,0,0
ASV_0822,1,0,0,1,0,0,1,0,1,0,1,0,0,1,1,0,0,0,0,0
ASV_0823,0,0,0,0,1,0,0,0,1,0,0,0,0,1,2,0,1,0,0,1
ASV_0824,0,0,0,0,0,0,0,0,0,0,0,2,0,0,0,5,0,0,0,0
ASV_0825,0,0,0,0,0,3,0,0,1,0,2,0,0,0,0,1,0,0,0,0
ASV_0826,0,0,0,0,0,0,0,0,0,0,0,0,0,6,0,0,0,0,0,1
ASV_0827,7,0,0,0,0,0,0,0,0,0,0,0,0,0,0,0,0,0,0,0
ASV_0828,0,0,0,1,3,0,0,0,0,0,0,0,0,0,0,0,3,0,0,0
ASV_0829,0,0,0,0,0,0,0,0,6,0,0,0,0,0,1,0,0,0,0,0
ASV_0830,0,0,0,0,0,0,0,0,0,0,1,0,0,4,0,0,0,2,0,0
ASV_0831,0,0,0,0,1,0,0,2,0,4,0,0,0,0,0,0,0,0,0,0
ASV_0832,0,0,0,0,0,0,0,0,0,2,0,0,0,0,5,0,0,0,0,0
ASV_0833,0,0,0,0,1,0,0,0,0,0,1,1,0,1,0,3,0,0,0,0
ASV_0834,1,0,0,0,0,0,0,0,0,0,1,1,1,0,0,1,0,1,1,0
ASV_0835,1,0,1,3,0,0,0,1,0,0,0,0,0,1,0,0,0,0,0,0
ASV_0836,0,2,2,0,0,0,2,1,0,0,0,0,0,0,0,0,0,0,0,0
ASV_0837,0,2,3,0,0,0,1,0,0,1,0,0,0,0,0,0,0,0,0,0
ASV_0838,0,0,0,0,0,0,0,0,0,0,0,0,3,3,0,0,1,0,0,0
ASV_0839,0,0,0,0,0,0,0,0,0,0,0,0,2,4,1,0,0,0,0,0
ASV_0840,0,0,0,0,0,0,0,0,0,0,2,0,1,1,0,1,1,0,1,0
ASV_0841,0,0,0,0,0,2,1,0,0,0,0,0,0,0,2,1,0,1,0,0
ASV_0842,1,0,0,0,0,0,0,3,2,0,0,0,0,0,0,0,0,0,0,1
ASV_0843,0,0,0,0,0,0,0,0,0,1,0,0,1,0,0,0,0,0,0,4
ASV_0844,0,0,4,0,1,0,0,0,0,1,0,0,0,0,0,0,0,0,0,0
ASV_0845,5,0,0,0,0,0,1,0,0,0,0,0,0,0,0,0,0,0,0,0
ASV_0846,0,0,0,0,0,1,1,0,0,0,0,1,0,2,0,1,0,0,0,0
ASV_0847,0,0,0,0,0,0,0,0,0,0,0,1,3,2,0,0,0,0,0,0
ASV_0848,0,0,0,0,0,0,0,0,0,0,1,3,2,0,0,0,0,0,0,0
ASV_0849,1,0,0,0,0,0,0,0,2,0,0,0,3,0,0,0,0,0,0,0
ASV_0850,0,0,0,0,0,0,0,0,0,0,1,0,3,0,0,0,0,1,0,1
ASV_0851,0,0,0,0,0,0,0,0,0,0,0,0,3,1,0,0,1,1,0,0
ASV_0852,0,0,0,0,0,0,0,0,0,0,0,0,0,0,0,0,1,5,0,0
ASV_0853,0,0,0,0,3,1,2,0,0,0,0,0,0,0,0,0,0,0,0,0
ASV_0854,0,0,0,0,0,2,2,0,0,0,1,0,0,0,0,0,0,0,1,0
ASV_0855,0,0,0,4,0,1,1,0,0,0,0,0,0,0,0,0,0,0,0,0
ASV_0856,0,0,1,0,0,0,0,3,0,1,0,0,0,1,0,0,0,0,0,0
ASV_0857,1,0,0,0,0,0,0,1,0,0,0,0,4,0,0,0,0,0,0,0
ASV_0858,0,0,0,0,0,0,0,0,0,0,0,0,0,6,0,0,0,0,0,0
ASV_0859,0,0,0,0,0,0,0,0,0,6,0,0,0,0,0,0,0,0,0,0
ASV_0860,0,0,0,0,0,0,0,0,0,0,1,2,0,0,0,0,3,0,0,0
ASV_0861,0,0,0,4,1,0,1,0,0,0,0,0,0,0,0,0,0,0,0,0
ASV_0862,0,0,0,0,0,0,0,0,0,0,0,0,0,0,0,0,0,0,0,6
ASV_0863,1,0,1,0,0,0,1,1,0,0,0,0,0,0,0,0,0,0,0,2
ASV_0864,0,0,0,0,0,2,1,0,1,0,0,0,0,2,0,0,0,0,0,0
ASV_0865,0,2,1,2,0,0,1,0,0,0,0,0,0,0,0,0,0,0,0,0
ASV_0866,0,0,0,0,0,3,0,0,0,0,0,0,0,0,0,0,0,0,0,3
ASV_0867,0,0,0,0,0,5,0,0,0,1,0,0,0,0,0,0,0,0,0,0
ASV_0868,3,1,1,0,0,0,0,1,0,0,0,0,0,0,0,0,0,0,0,0
ASV_0869,1,1,0,1,0,1,1,1,0,0,0,0,0,0,0,0,0,0,0,0
ASV_0870,0,0,0,0,0,1,0,0,0,0,2,0,0,1,0,0,0,1,1,0
ASV_0871,0,0,0,0,0,0,0,0,0,1,0,0,0,0,0,0,0,0,5,0
ASV_0872,0,0,1,2,0,0,0,0,0,0,0,0,0,0,1,0,1,1,0,0
ASV_0873,0,0,0,0,0,0,0,4,0,0,0,0,1,0,0,0,0,0,0,1
ASV_0874,0,0,0,0,0,0,0,0,0,0,0,2,0,1,2,0,1,0,0,0
ASV_0875,1,0,1,0,0,2,0,0,0,0,0,0,1,0,0,0,1,0,0,0
ASV_0876,0,0,0,1,1,0,2,0,0,0,0,0,0,0,0,0,0,2,0,0
ASV_0877,0,0,0,0,0,0,1,0,2,1,0,0,1,0,0,1,0,0,0,0
ASV_0878,2,0,0,1,0,0,1,0,0,0,0,2,0,0,0,0,0,0,0,0
ASV_0879,0,0,0,0,0,0,0,0,0,0,3,0,3,0,0,0,0,0,0,0
ASV_0880,3,0,0,0,0,0,0,0,2,0,0,0,0,1,0,0,0,0,0,0
ASV_0881,0,0,5,0,0,0,0,0,1,0,0,0,0,0,0,0,0,0,0,0
ASV_0882,0,0,0,0,0,0,0,0,1,0,2,0,0,2,0,0,0,0,1,0
ASV_0883,0,1,0,0,0,0,0,4,0,0,0,0,0,0,0,0,0,0,0,1
ASV_0884,0,0,0,0,1,1,0,3,0,1,0,0,0,0,0,0,0,0,0,0
ASV_0885,0,0,0,0,0,4,0,0,0,0,0,0,0,0,0,0,2,0,0,0
ASV_0886,0,0,0,0,0,0,0,0,0,0,0,0,0,0,2,0,0,0,0,4
ASV_0887,0,0,0,0,4,0,0,0,0,1,0,1,0,0,0,0,0,0,0,0
ASV_0888,4,0,0,0,0,1,0,1,0,0,0,0,0,0,0,0,0,0,0,0
ASV_0889,1,0,0,0,0,4,0,0,0,0,1,0,0,0,0,0,0,0,0,0
ASV_0890,3,0,0,0,0,3,0,0,0,0,0,0,0,0,0,0,0,0,0,0
ASV_0891,0,0,0,0,0,0,0,0,0,0,0,0,0,3,0,0,0,0,0,3
ASV_0892,0,0,0,0,0,0,0,0,0,0,0,0,2,4,0,0,0,0,0,0
ASV_0893,0,0,0,3,0,0,0,3,0,0,0,0,0,0,0,0,0,0,0,0
ASV_0894,0,0,0,1,0,3,0,1,1,0,0,0,0,0,0,0,0,0,0,0
ASV_0895,1,0,0,0,0,2,0,0,1,0,0,0,0,0,1,0,1,0,0,0
ASV_0896,1,0,0,0,0,0,0,0,0,4,0,0,0,1,0,0,0,0,0,0
ASV_0897,3,0,0,0,0,3,0,0,0,0,0,0,0,0,0,0,0,0,0,0
ASV_0898,2,0,0,0,0,0,0,0,0,0,0,0,3,0,0,1,0,0,0,0
ASV_0899,0,0,0,0,0,3,1,0,0,0,0,0,1,1,0,0,0,0,0,0
ASV_0900,1,0,0,0,1,0,2,0,0,0,0,0,1,1,0,0,0,0,0,0
ASV_0901,0,0,0,1,0,0,0,0,0,0,0,0,0,2,0,0,0,0,0,2
ASV_0902,0,0,0,0,0,0,0,0,0,1,0,0,0,0,0,0,0,4,0,0
ASV_0903,0,0,0,0,0,0,0,0,0,0,0,0,0,2,1,1,0,0,0,1
ASV_0904,0,0,0,0,0,2,0,2,0,0,0,0,0,0,0,0,0,0,0,1
ASV_0905,0,0,0,0,0,0,0,0,0,0,0,1,1,0,1,2,0,0,0,0
ASV_0906,0,0,0,0,0,1,0,0,0,1,0,0,1,0,1,0,1,0,0,0
ASV_0907,0,0,0,0,0,0,0,0,1,0,2,0,0,2,0,0,0,0,0,0
ASV_0908,1,0,0,1,0,1,0,0,0,0,0,0,0,1,0,0,1,0,0,0
ASV_0909,0,0,0,2,3,0,0,0,0,0,0,0,0,0,0,0,0,0,0,0
ASV_0910,4,0,0,0,0,0,0,0,0,1,0,0,0,0,0,0,0,0,0,0
ASV_0911,0,0,0,1,1,0,0,2,1,0,0,0,0,0,0,0,0,0,0,0
ASV_0912,0,0,0,0,1,0,0,0,0,0,0,0,0,0,3,0,0,0,0,1
ASV_0913,3,0,0,0,0,0,0,0,0,0,0,0,0,1,0,0,0,1,0,0
ASV_0914,0,0,0,0,0,0,0,0,0,0,0,0,0,2,1,0,0,0,2,0
ASV_0915,1,0,0,0,1,1,0,0,0,0,0,0,0,1,1,0,0,0,0,0
ASV_0916,0,0,0,0,1,0,0,0,0,0,1,0,0,0,0,0,0,0,3,0
ASV_0917,0,0,0,0,0,0,0,0,0,0,0,1,0,0,1,0,0,3,0,0
ASV_0918,0,1,0,0,0,0,0,0,2,0,0,0,0,0,0,0,0,1,0,1
ASV_0919,0,2,0,0,0,0,1,0,0,0,0,0,0,0,0,0,0,0,1,1
ASV_0920,0,0,0,0,0,0,0,0,0,0,5,0,0,0,0,0,0,0,0,0
ASV_0921,0,0,0,3,0,0,0,0,0,0,0,0,0,0,0,0,1,1,0,0
ASV_0922,0,0,0,0,0,5,0,0,0,0,0,0,0,0,0,0,0,0,0,0
ASV_0923,0,0,0,0,0,0,0,2,0,0,0,0,0,3,0,0,0,0,0,0
ASV_0924,0,0,0,0,0,0,0,0,0,0,0,0,0,3,0,0,0,0,2,0
ASV_0925,0,0,0,0,0,0,0,0,0,0,0,0,0,0,0,0,0,5,0,0
ASV_0926,0,0,2,0,2,0,0,0,0,0,0,0,0,0,0,0,0,0,0,1
ASV_0927,0,0,0,0,0,0,0,0,0,0,1,0,1,0,1,1,1,0,0,0
ASV_0928,1,0,0,0,0,0,0,0,0,0,0,0,0,0,0,0,0,1,3,0
ASV_0929,0,0,1,0,3,0,0,0,1,0,0,0,0,0,0,0,0,0,0,0
ASV_0930,0,0,0,0,0,0,0,0,2,0,0,0,0,0,0,0,0,3,0,0
ASV_0931,0,1,0,1,0,1,2,0,0,0,0,0,0,0,0,0,0,0,0,0
ASV_0932,0,0,0,0,0,0,0,0,0,0,0,0,0,2,0,0,0,0,0,3
ASV_0933,0,3,0,0,0,0,0,1,0,1,0,0,0,0,0,0,0,0,0,0
ASV_0934,0,0,0,0,0,0,0,0,0,0,0,0,0,0,0,1,0,2,2,0
ASV_0935,0,0,0,0,0,0,0,0,0,5,0,0,0,0,0,0,0,0,0,0
ASV_0936,5,0,0,0,0,0,0,0,0,0,0,0,0,0,0,0,0,0,0,0
ASV_0937,0,0,0,0,0,0,0,0,0,0,0,0,0,0,0,0,0,0,5,0
ASV_0938,0,2,0,0,0,1,0,0,0,2,0,0,0,0,0,0,0,0,0,0
ASV_0939,0,0,0,0,5,0,0,0,0,0,0,0,0,0,0,0,0,0,0,0
ASV_0940,0,0,0,0,0,0,0,0,0,0,3,0,0,1,0,0,1,0,0,0
ASV_0941,0,0,0,0,0,0,0,0,0,0,0,0,1,0,1,1,0,0,2,0
ASV_0942,0,0,0,0,0,0,0,0,0,0,0,0,0,0,0,0,0,0,5,0
ASV_0943,1,0,1,0,0,0,0,0,0,2,0,0,0,0,1,0,0,0,0,0
ASV_0944,4,0,0,0,0,0,0,0,0,0,0,0,0,1,0,0,0,0,0,0
ASV_0945,1,0,0,2,0,0,0,1,0,0,0,0,0,1,0,0,0,0,0,0
ASV_0946,2,0,0,0,1,1,0,0,0,0,0,0,0,0,0,0,0,0,0,1
ASV_0947,0,0,0,0,0,0,0,0,0,0,0,0,1,0,0,0,0,2,2,0
ASV_0948,0,0,1,0,0,0,1,0,0,0,0,1,0,0,0,0,2,0,0,0
ASV_0949,0,0,0,0,0,0,0,0,0,0,0,0,5,0,0,0,0,0,0,0
ASV_0950,0,0,0,0,0,0,0,1,1,2,0,0,0,0,0,0,0,0,0,0
ASV_0951,4,0,0,0,0,0,0,0,0,0,0,0,0,0,0,0,0,0,0,0
ASV_0952,0,0,3,0,0,0,0,0,0,0,0,0,0,0,0,0,0,0,0,1
ASV_0953,0,0,0,1,0,0,0,0,0,0,1,0,0,1,0,0,0,1,0,0
ASV_0954,0,0,0,0,0,2,0,0,0,2,0,0,0,0,0,0,0,0,0,0
ASV_0955,1,0,0,0,0,0,0,0,0,0,0,0,0,0,3,0,0,0,0,0
ASV_0956,0,0,0,0,0,0,0,0,0,0,0,0,3,0,0,1,0,0,0,0
ASV_0957,0,0,0,0,0,0,0,0,0,0,0,0,0,0,0,0,0,0,4,0
ASV_0958,0,3,0,0,0,0,0,0,0,0,0,1,0,0,0,0,0,0,0,0
ASV_0959,0,0,0,0,0,0,0,0,0,0,4,0,0,0,0,0,0,0,0,0
ASV_0960,0,0,0,0,0,0,0,0,0,0,2,0,0,1,0,0,0,1,0,0
ASV_0961,0,0,0,0,0,0,0,1,0,0,0,3,0,0,0,0,0,0,0,0
ASV_0962,0,2,0,0,0,0,1,0,0,1,0,0,0,0,0,0,0,0,0,0
ASV_0963,0,0,0,0,0,4,0,0,0,0,0,0,0,0,0,0,0,0,0,0
ASV_0964,0,0,0,0,0,0,0,0,0,0,0,0,0,0,4,0,0,0,0,0
ASV_0965,0,0,0,1,0,1,0,0,1,1,0,0,0,0,0,0,0,0,0,0
ASV_0966,0,0,0,2,0,1,0,0,1,0,0,0,0,0,0,0,0,0,0,0
ASV_0967,2,1,0,0,0,0,0,0,0,0,0,0,0,1,0,0,0,0,0,0
ASV_0968,0,0,0,0,0,0,1,0,0,0,0,0,1,0,1,0,0,0,0,1
ASV_0969,1,0,0,0,0,2,0,0,0,1,0,0,0,0,0,0,0,0,0,0
ASV_0970,0,0,0,2,0,0,0,0,0,0,0,0,0,2,0,0,0,0,0,0
ASV_0971,0,0,0,0,0,0,0,0,0,0,1,0,0,2,0,1,0,0,0,0
ASV_0972,0,0,1,0,0,0,1,2,0,0,0,0,0,0,0,0,0,0,0,0
ASV_0973,0,2,0,0,0,0,0,1,0,0,0,0,0,0,0,1,0,0,0,0
ASV_0974,0,0,0,0,0,0,1,1,0,0,0,0,0,0,0,0,0,0,0,2
ASV_0975,0,0,0,0,0,0,0,4,0,0,0,0,0,0,0,0,0,0,0,0
ASV_0976,0,0,0,0,0,0,0,0,0,0,0,0,1,2,0,0,0,0,0,1
ASV_0977,0,0,0,0,0,0,0,0,0,0,0,0,0,2,0,0,0,0,1,1
ASV_0978,0,0,0,0,0,0,0,0,0,0,0,0,0,0,0,0,4,0,0,0
ASV_0979,0,0,0,0,1,2,0,0,0,0,0,0,0,0,0,0,0,1,0,0
ASV_0980,0,0,0,0,0,0,0,0,0,0,3,0,1,0,0,0,0,0,0,0
ASV_0981,0,0,0,0,0,0,2,2,0,0,0,0,0,0,0,0,0,0,0,0
ASV_0982,0,0,0,0,0,0,0,4,0,0,0,0,0,0,0,0,0,0,0,0
ASV_0983,0,0,0,0,0,0,0,0,0,4,0,0,0,0,0,0,0,0,0,0
ASV_0984,0,0,0,0,0,0,0,0,0,0,0,0,0,4,0,0,0,0,0,0
ASV_0985,0,0,0,0,0,0,0,0,2,2,0,0,0,0,0,0,0,0,0,0
ASV_0986,0,0,0,2,0,0,0,1,0,0,0,0,1,0,0,0,0,0,0,0
ASV_0987,0,3,0,0,0,0,0,0,0,0,0,1,0,0,0,0,0,0,0,0
ASV_0988,0,0,0,0,0,0,0,0,0,0,0,0,2,0,1,0,0,0,0,1
ASV_0989,0,0,0,2,0,0,1,0,1,0,0,0,0,0,0,0,0,0,0,0
ASV_0990,0,2,0,0,0,2,0,0,0,0,0,0,0,0,0,0,0,0,0,0
ASV_0991,0,0,0,0,0,0,0,0,2,0,0,0,0,0,0,0,0,0,0,2
ASV_0992,0,0,0,0,0,0,0,0,0,1,0,0,1,2,0,0,0,0,0,0
ASV_0993,0,0,4,0,0,0,0,0,0,0,0,0,0,0,0,0,0,0,0,0
ASV_0994,0,1,0,0,0,0,0,0,0,0,1,1,0,0,0,1,0,0,0,0
ASV_0995,0,0,2,0,1,0,0,1,0,0,0,0,0,0,0,0,0,0,0,0
ASV_0996,0,0,0,0,0,0,0,0,0,0,3,0,0,0,0,1,0,0,0,0
ASV_0997,0,0,0,0,0,0,0,0,0,0,2,0,0,0,0,0,1,1,0,0
ASV_0998,0,0,0,0,0,0,0,1,0,0,0,0,0,0,3,0,0,0,0,0
ASV_0999,0,0,0,0,0,0,0,0,0,0,0,0,1,0,0,1,1,0,0,0
ASV_1000,0,0,0,0,0,0,0,0,0,0,0,0,3,0,0,0,0,0,0,0
ASV_1001,0,0,0,0,0,0,0,0,0,0,0,0,0,3,0,0,0,0,0,0
ASV_1002,0,0,0,0,0,0,0,0,0,0,0,0,3,0,0,0,0,0,0,0
ASV_1003,0,0,0,0,0,0,0,0,0,0,1,1,0,0,0,0,1,0,0,0
ASV_1004,0,0,0,0,0,1,0,0,0,0,0,1,0,0,0,0,1,0,0,0
ASV_1005,0,0,0,0,0,0,0,0,0,0,0,0,0,0,0,0,0,3,0,0
ASV_1006,0,0,0,0,0,0,0,0,0,0,0,0,3,0,0,0,0,0,0,0
ASV_1007,0,0,0,1,0,1,0,0,1,0,0,0,0,0,0,0,0,0,0,0
ASV_1008,0,0,0,0,0,0,2,0,0,0,0,0,0,0,0,0,0,0,0,1
ASV_1009,0,0,0,0,0,0,0,0,0,0,0,0,0,0,0,0,0,0,0,3
ASV_1010,0,0,0,0,0,0,0,0,0,0,0,0,0,0,0,3,0,0,0,0
ASV_1011,0,0,0,0,0,0,0,0,0,0,0,0,0,0,0,0,0,0,0,3
ASV_1012,0,0,0,0,0,0,0,0,0,0,0,0,1,0,0,0,0,0,0,2
ASV_1013,0,0,1,0,0,0,0,0,2,0,0,0,0,0,0,0,0,0,0,0
ASV_1014,0,0,0,0,0,0,0,0,0,0,0,0,0,2,0,1,0,0,0,0
ASV_1015,0,0,0,1,0,0,0,0,0,0,0,0,0,0,1,0,0,0,0,1
ASV_1016,0,0,0,0,0,0,0,0,2,0,0,0,0,0,0,0,0,0,0,1
ASV_1017,0,0,0,0,0,0,0,0,0,0,0,0,0,3,0,0,0,0,0,0
ASV_1018,3,0,0,0,0,0,0,0,0,0,0,0,0,0,0,0,0,0,0,0
ASV_1019,0,0,0,0,0,0,1,0,0,0,0,0,0,1,0,0,0,1,0,0
ASV_1020,0,0,0,0,0,0,0,0,0,0,0,3,0,0,0,0,0,0,0,0
ASV_1021,0,0,0,0,0,0,0,3,0,0,0,0,0,0,0,0,0,0,0,0
ASV_1022,0,0,0,0,0,0,0,0,0,0,1,0,0,0,0,0,0,0,2,0
ASV_1023,0,0,0,0,0,0,0,0,0,0,0,0,0,0,0,0,0,0,3,0
ASV_1024,0,0,0,0,0,0,1,2,0,0,0,0,0,0,0,0,0,0,0,0
ASV_1025,0,0,0,0,0,0,2,0,0,0,0,0,0,1,0,0,0,0,0,0
ASV_1026,0,1,0,0,0,0,0,1,0,0,0,0,0,0,0,0,0,0,0,1
ASV_1027,0,0,0,0,0,0,0,0,0,0,0,0,0,2,0,0,0,0,0,0
ASV_1028,0,0,0,0,0,0,0,0,2,0,0,0,0,0,0,0,0,0,0,0
ASV_1029,0,0,0,0,2,0,0,0,0,0,0,0,0,0,0,0,0,0,0,0
ASV_1030,0,0,0,0,0,0,0,0,0,0,1,0,1,0,0,0,0,0,0,0
ASV_1031,0,0,0,0,0,0,0,0,0,0,0,0,0,0,0,0,0,2,0,0
ASV_1032,0,0,0,0,0,0,0,2,0,0,0,0,0,0,0,0,0,0,0,0
ASV_1033,0,0,0,0,2,0,0,0,0,0,0,0,0,0,0,0,0,0,0,0
ASV_1034,0,1,0,0,0,1,0,0,0,0,0,0,0,0,0,0,0,0,0,0
